loan_id,borrower_id,loan_type,origination_date,maturity_date,original_principal,current_balance,interest_rate,term_months,borrower_state,loan_purpose,credit_grade,employment_length,income_band,payment_status,days_past_due,servicer_name,last_payment_date,last_updated_at,document_status,source_system
LN-80402501,BR-652580,fha,2022-08-02,2032-06-10,94256.13,67508.6,6.991,120,MI,refinance,B,6,75k-120k,current,0,Meridian Loan Servicing,2023-02-07,2026-06-15,partial,origination_sys_a
LN-58685702,BR-202126,va,31/02/2021,2040-09-22,424123.84,111943.66,4.313,240,MN,purchase,C,22,<40k,delinquent_30,38,Coastal Trust Servicing,2024-07-28,2025-07-11,complete,manual_spreadsheet
LN-68720322,BR-983639,jumbo,2023-02-02,2037-11-15,173139.42,108638.56,4.214,180,FL,purchase,C,23,120k+,closed,0,Coastal Trust Servicing,2025-04-29,2025-09-21,partial,origination_sys_a
LN-53542596,BR-187732,fha,2019-10-11,2049-05-06,131818.36,32803.55,5.769,360,WA,cash_out_refinance,C,16,40k-75k,closed,0,Coastal Trust Servicing,2020-12-19,2026-01-03,missing,origination_sys_b
LN-54139822,BR-507895,fha,2023-09-20,2038-07-03,167118.38,50447.33,4.142,180,NM,cash_out_refinance,B,8,120k+,current,0,Meridian Loan Servicing,2024-11-04,2025-06-01,missing,origination_sys_b
LN-52206298,BR-026219,jumbo,2021-03-28,2040-12-13,329717.05,168175.65,4.715,240,NM,refinance,B,3,<40k,current,0,Coastal Trust Servicing,2023-08-27,2025-01-15,partial,origination_sys_b
LN-78115114,BR-137955,conventional,2021-04-21,2050-11-15,572386.95,517411.75,8.345,360,WI,purchase,B,13,120k+,current,0,Highline Capital Servicing,2022-07-02,2025-12-24,partial,origination_sys_a
LN-67764120,BR-703049,fha,2019-12-04,2049-06-29,81228.57,50210.75,3.784,360,NC,purchase,B,2,<40k,delinquent_90,93,Coastal Trust Servicing,2022-07-24,2026-01-03,partial,origination_sys_a
LN-32632164,BR-990650,fha,2024-04-12,2039-01-24,409983.86,375635.24,6.029,180,FL,refinance,A,28,40k-75k,current,0,Highline Capital Servicing,2025-01-28,2026-02-23,complete,origination_sys_b
LN-91828712,BR-236852,conventional,2023-09-04,2043-05-22,428656.33,47517.37,3.961,240,NV,refinance,A,0,75k-120k,current,0,Meridian Loan Servicing,2025-02-21,2025-11-01,complete,manual_spreadsheet
LN-03540399,BR-036635,jumbo,2021-06-23,2051-01-17,399716.91,341720.86,8.369,360,WV,purchase,B,27,40k-75k,delinquent_90,84,Meridian Loan Servicing,2026-06-02,2026-03-07,partial,origination_sys_a
LN-17304193,BR-882632,conventional,2020-01-03,2039-09-20,525960.3,315599.22,8.334,240,LA,refinance,D,21,75k-120k,current,0,Meridian Loan Servicing,2021-04-19,2025-10-15,partial,origination_sys_a
LN-91810458,BR-697149,va,2022-04-04,2041-12-20,101806.6,45091.61,6.616,240,TX,purchase,C,16,75k-120k,current,0,Coastal Trust Servicing,2024-07-18,2026-04-07,,origination_sys_b
LN-54832763,BR-465797,conventional,2022-11-28,2042-08-15,396015.11,311638.52,4.919,240,TX,cash_out_refinance,C,2,40k-75k,current,0,Coastal Trust Servicing,2024-08-24,2026-04-12,complete,origination_sys_a
LN-85733168,BR-887286,jumbo,2019-10-29,2029-09-06,106341.82,12086.21,3.751,120,KS,purchase,D,4,120k+,current,0,Coastal Trust Servicing,2025-10-12,2025-12-30,missing,manual_spreadsheet
LN-87422675,BR-620223,conventional,2020-10-11,2050-05-07,429211.82,145338.48,4.192,360,IA,refinance,B,22,40k-75k,current,0,Meridian Loan Servicing,2025-06-06,2026-01-15,partial,origination_sys_b
LN-08549238,BR-857784,va,2022-01-16,2051-08-12,-38039.42,245411.75,5.679,360,AK,refinance,C,21,120k+,current,0,Coastal Trust Servicing,2022-12-20,2026-05-23,partial,origination_sys_a
LN-81234382,BR-948470,va,2022-06-28,2032-05-06,596949.45,266771.42,4.621,120,CA,cash_out_refinance,A,24,<40k,current,0,Meridian Loan Servicing,2023-08-10,2025-08-09,complete,manual_spreadsheet
LN-71671891,BR-036937,conventional,2019-11-09,2034-08-22,151945.96,57885.33,6.46,180,SD,purchase,A,22,75k-120k,current,0,Coastal Trust Servicing,2021-03-18,2025-10-10,missing,origination_sys_a
LN-44384115,BR-669748,va,2020-12-12,2050-07-08,457067.16,407423.62,5.112,360,KS,purchase,C,28,120k+,current,0,Meridian Loan Servicing,2026-02-27,2026-07-27,missing,manual_spreadsheet
LN-22585512,BR-452474,conventional,2022-09-30,2052-04-25,271746.07,143981.79,3.965,360,IA,refinance,B,9,75k-120k,current,0,Highline Capital Servicing,2025-11-06,2026-07-14,missing,origination_sys_b
LN-15712479,BR-521121,conventional,2021-05-21,2041-02-05,280532.0,158308.84,7.04,240,FL,refinance,A,1,75k-120k,current,0,Coastal Trust Servicing,2022-02-03,2025-11-09,missing,origination_sys_b
LN-10456189,BR-025456,jumbo,2019-07-30,2029-06-07,407216.61,224381.48,5.753,120,NH,refinance,D,9,<40k,current,0,Coastal Trust Servicing,2020-09-08,2026-01-31,complete,manual_spreadsheet
LN-45227746,BR-976694,fha,2020-03-08,2039-11-24,456444.04,372687.23,6.738,240,LA,purchase,A,1,40k-75k,current,0,Highline Capital Servicing,2026-07-26,2025-12-27,partial,origination_sys_b
LN-00432098,BR-599620,fha,2019-09-12,2049-04-07,472546.45,167860.96,5.853,360,TN,refinance,C,5,120k+,delinquent_90,106,Coastal Trust Servicing,2025-03-18,2026-01-11,complete,origination_sys_b
LN-29854339,BR-459654,fha,2020-12-13,2050-07-09,269985.78,102698.95,6.092,360,SC,refinance,D,24,<40k,delinquent_60,58,Meridian Loan Servicing,2023-12-11,2026-02-09,missing,origination_sys_a
LN-15509941,BR-847528,jumbo,2024-03-14,2043-11-30,329726.17,117543.25,4.719,240,OK,purchase,D,6,40k-75k,current,0,Meridian Loan Servicing,2024-12-21,2026-05-30,partial,origination_sys_b
,BR-923843,jumbo,2024-03-28,2043-12-14,547713.2,388650.09,7.026,240,MO,refinance,B,15,<40k,current,0,Meridian Loan Servicing,2025-08-24,2026-02-06,missing,origination_sys_b
LN-89072630,BR-365968,jumbo,2023-11-17,2033-09-25,578288.51,332943.67,7.862,120,AZ,cash_out_refinance,A,7,75k-120k,current,0,Meridian Loan Servicing,2025-12-20,2025-12-27,complete,origination_sys_b
LN-07231557,BR-108629,fha,2024-06-26,2034-05-05,513410.73,180562.85,4.661,120,SD,refinance,D,8,<40k,current,0,Highline Capital Servicing,2025-04-16,2025-06-15,missing,manual_spreadsheet
LN-43981332,BR-608308,conventional,2019-11-20,2029-09-28,331785.98,217740.93,8.053,120,WV,refinance,C,24,40k-75k,current,0,Coastal Trust Servicing,2023-11-02,2025-10-07,complete,manual_spreadsheet
LN-96345702,BR-711595,va,2020-01-25,2039-10-12,466325.74,157250.11,7.652,240,KY,refinance,C,23,75k-120k,current,0,Meridian Loan Servicing,2025-04-26,2025-07-20,complete,origination_sys_a
LN-03213723,BR-636469,va,2023-03-25,2038-01-05,570280.14,190710.69,8.076,180,IA,cash_out_refinance,A,20,120k+,closed,0,Coastal Trust Servicing,2024-12-02,2025-12-05,missing,origination_sys_b
LN-14679471,BR-404490,va,2019-08-27,2034-06-09,105847.68,97207.3,4.586,180,NH,purchase,C,3,75k-120k,closed,0,Coastal Trust Servicing,2023-09-04,2026-03-03,complete,origination_sys_b
LN-69039728,BR-558277,conventional,2020-07-19,2035-05-02,-40838.39,90573.91,4.886,180,GA,purchase,C,25,40k-75k,delinquent_60,66,Meridian Loan Servicing,2020-11-01,2026-04-25,complete,origination_sys_a
LN-10435426,BR-796360,jumbo,2021-01-03,2035-10-17,415646.17,389288.42,7.736,180,NV,cash_out_refinance,A,15,120k+,current,0,Meridian Loan Servicing,2026-01-18,2026-02-25,complete,origination_sys_b
LN-95460786,BR-772423,jumbo,2022-05-30,2037-03-12,117438.87,124099.11,5.494,180,WA,purchase,C,13,75k-120k,current,0,Coastal Trust Servicing,2023-11-03,2025-12-13,partial,origination_sys_a
LN-10956489,BR-490231,fha,2022-11-07,2052-06-02,118265.99,28737.91,4.274,360,NM,purchase,A,11,75k-120k,current,76,Meridian Loan Servicing,2024-05-30,2026-07-21,missing,origination_sys_a
LN-09821733,BR-085416,conventional,2023-07-12,2053-02-04,561738.44,68327.27,3.959,360,ND,purchase,D,13,120k+,delinquent_30,39,Highline Capital Servicing,2024-05-29,2026-03-13,partial,origination_sys_b
LN-66264427,BR-142646,conventional,2023-01-17,2042-10-04,522796.3,244431.05,4.603,240,RI,purchase,A,6,75k-120k,current,0,Meridian Loan Servicing,2023-10-25,2026-06-22,partial,origination_sys_b
LN-58808009,BR-855741,conventional,2020-11-02,2030-09-11,84406.05,26591.11,8.331,120,HI,cash_out_refinance,D,26,75k-120k,current,0,Meridian Loan Servicing,2025-09-25,2025-09-26,complete,origination_sys_a
LN-15159378,BR-821167,conventional,2021-06-11,2051-01-05,378658.65,232344.31,4.386,360,WY,cash_out_refinance,D,14,120k+,current,0,Coastal Trust Servicing,2026-05-22,2026-07-04,missing,manual_spreadsheet
LN-32053408,BR-088654,conventional,2022-07-25,2042-04-11,572620.72,238705.65,5.749,240,OR,cash_out_refinance,B,10,120k+,current,0,Coastal Trust Servicing,2023-05-29,2026-04-20,complete,origination_sys_b
LN-95639376,BR-063353,va,2019-07-31,2039-04-17,639959.78,562089.63,7.119,240,TX,cash_out_refinance,B,10,<40k,current,0,Coastal Trust Servicing,2021-03-01,2026-01-11,partial,origination_sys_b
LN-31799906,BR-503937,fha,2024-06-04,2053-12-29,153502.45,53340.73,4.633,360,FL,purchase,A,9,<40k,current,0,Coastal Trust Servicing,2025-12-08,2026-07-11,missing,manual_spreadsheet
LN-66970379,BR-677229,jumbo,2019-03-19,2038-12-04,579543.88,246116.79,8.02,240,IL,refinance,D,14,75k-120k,current,0,Highline Capital Servicing,2024-11-06,2026-07-31,missing,origination_sys_b
LN-85188272,BR-914924,va,2024-06-01,2039-03-15,545628.01,146735.55,8.152,180,NE,purchase,D,16,75k-120k,current,0,Meridian Loan Servicing,2025-07-01,2026-02-02,complete,origination_sys_b
LN-09487469,BR-021964,va,2020-04-04,2030-02-11,261650.38,226531.49,4.688,120,DE,purchase,B,13,120k+,delinquent_30,35,Meridian Loan Servicing,2021-07-02,2025-08-10,,manual_spreadsheet
LN-35165395,BR-750803,va,2022-01-02,2031-11-11,440214.32,203031.1,4.768,120,AK,refinance,A,11,40k-75k,delinquent_30,34,Coastal Trust Servicing,2025-09-08,2026-04-11,missing,origination_sys_a
LN-94117902,BR-783338,jumbo,2023-04-30,2043-01-15,156043.47,101513.43,4.767,240,WI,cash_out_refinance,B,9,75k-120k,current,0,Meridian Loan Servicing,2025-03-09,2026-01-24,partial,origination_sys_a
LN-63720449,BR-121324,jumbo,2023-06-26,2043-03-13,329062.29,200721.91,4.333,240,NH,refinance,D,1,75k-120k,current,0,Coastal Trust Servicing,2025-12-02,2026-02-10,partial,manual_spreadsheet
LN-91670073,BR-356693,conventional,2024-06-30,2034-05-09,122773.46,50105.61,6.37,120,ND,refinance,D,10,75k-120k,current,97,Meridian Loan Servicing,2024-10-24,2025-08-21,complete,manual_spreadsheet
LN-26692101,BR-798996,conventional,2020-01-17,2049-08-12,375114.81,65078.24,6.25,360,ME,refinance,B,22,40k-75k,current,0,Highline Capital Servicing,2025-09-30,2026-01-15,complete,origination_sys_a
LN-91803744,BR-451304,va,31/02/2021,2034-11-29,214939.63,113935.49,4.142,180,WY,cash_out_refinance,B,24,40k-75k,current,0,Highline Capital Servicing,2025-10-06,2026-07-17,complete,origination_sys_a
LN-82651355,BR-191676,conventional,2021-11-27,2036-09-09,253350.99,205804.12,7.626,180,AK,purchase,A,30,75k-120k,delinquent_90,108,Coastal Trust Servicing,2023-02-01,2025-10-24,missing,origination_sys_b
LN-84461443,BR-183933,va,2022-06-19,2032-04-27,363881.69,378012.77,6.075,120,CT,refinance,B,14,<40k,current,0,Highline Capital Servicing,2024-12-25,2026-07-18,complete,origination_sys_a
LN-35374543,BR-095923,conventional,2019-07-18,2029-05-26,245420.84,153013.18,4.907,120,RI,cash_out_refinance,D,9,<40k,current,0,Meridian Loan Servicing,2024-05-17,2026-07-22,complete,origination_sys_b
LN-50572961,BR-937397,fha,2023-01-29,2042-10-16,515398.36,329315.46,6.512,240,MT,cash_out_refinance,A,1,<40k,current,0,Meridian Loan Servicing,2024-12-11,2025-12-03,partial,manual_spreadsheet
LN-97238572,BR-836957,conventional,2021-07-24,2036-05-06,425568.5,217814.52,6.485,180,KY,cash_out_refinance,B,23,<40k,current,0,Coastal Trust Servicing,2024-04-02,2025-12-19,complete,manual_spreadsheet
LN-44425648,BR-775594,jumbo,2022-07-12,2052-02-05,164232.15,60992.89,5.069,360,ID,refinance,C,17,75k-120k,current,0,Coastal Trust Servicing,2026-07-27,2025-06-10,missing,manual_spreadsheet
LN-77644597,BR-255833,fha,2023-07-04,2043-03-21,427743.65,336452.66,4.952,240,ME,cash_out_refinance,A,11,120k+,current,0,Coastal Trust Servicing,2024-12-10,2025-10-31,missing,origination_sys_b
LN-72092213,BR-461991,jumbo,2020-03-14,2034-12-26,551932.47,397135.94,5.887,180,IL,refinance,C,9,<40k,current,0,Meridian Loan Servicing,2022-10-21,2026-04-12,missing,manual_spreadsheet
LN-71782026,BR-934658,fha,2023-01-20,2032-11-28,600540.94,481150.36,7.755,120,NJ,refinance,B,25,<40k,current,80,Highline Capital Servicing,2023-12-18,2025-12-21,missing,origination_sys_b
LN-16644340,BR-949034,va,2022-08-20,2042-05-07,489600.96,459259.62,8.27,240,MD,cash_out_refinance,A,8,75k-120k,current,79,Coastal Trust Servicing,2023-12-16,2026-06-23,complete,manual_spreadsheet
LN-31926211,BR-764545,fha,2019-08-31,2049-03-26,254879.61,154303.07,7.309,360,UT,cash_out_refinance,A,16,120k+,current,0,Coastal Trust Servicing,2023-09-20,2026-06-30,complete,manual_spreadsheet
LN-84674840,BR-145563,conventional,2019-08-18,2029-06-26,552401.21,100838.11,5.48,120,AL,cash_out_refinance,B,18,<40k,current,0,Meridian Loan Servicing,2024-05-18,2025-11-15,partial,manual_spreadsheet
LN-77964938,BR-936656,va,2019-05-11,2029-03-19,612712.2,546131.05,4.093,120,OH,refinance,B,23,40k-75k,delinquent_90,101,Meridian Loan Servicing,2019-08-12,2025-09-01,partial,origination_sys_b
LN-97184780,BR-210570,conventional,31/02/2021,2052-05-06,383202.16,95855.58,5.511,360,IA,cash_out_refinance,B,24,<40k,current,0,Meridian Loan Servicing,2025-08-07,2025-09-05,partial,origination_sys_a
LN-54255716,BR-503635,jumbo,2023-07-29,2043-04-15,409160.64,120024.21,5.541,240,MD,refinance,B,24,120k+,delinquent_30,33,Meridian Loan Servicing,2024-11-01,2026-05-05,partial,manual_spreadsheet
LN-22698071,BR-266817,fha,2019-10-23,2049-05-18,601402.47,283845.09,5.897,360,MI,refinance,A,6,40k-75k,closed,0,Coastal Trust Servicing,2021-02-14,2025-12-16,missing,origination_sys_b
LN-24633848,BR-773230,fha,31/02/2021,2038-11-29,476506.98,167633.59,7.206,180,AK,refinance,D,9,40k-75k,current,0,Meridian Loan Servicing,2025-01-18,2026-07-03,complete,origination_sys_b
LN-64171749,BR-560089,conventional,2022-03-12,2036-12-23,364601.84,143501.17,7.322,180,NE,purchase,B,2,40k-75k,current,0,Meridian Loan Servicing,2023-06-02,2026-06-06,missing,origination_sys_b
LN-05052908,BR-689101,fha,2021-02-03,2030-12-13,432166.08,165631.31,6.599,120,KY,refinance,C,25,120k+,current,0,Meridian Loan Servicing,2023-03-09,2025-06-09,partial,origination_sys_b
LN-70350014,BR-475805,conventional,2022-03-03,2036-12-14,644432.83,488493.83,4.649,180,VT,cash_out_refinance,D,8,<40k,current,0,Meridian Loan Servicing,2026-01-02,2026-04-29,partial,manual_spreadsheet
LN-88925586,BR-537760,va,2022-02-28,2032-01-07,182232.07,41391.56,3.768,120,NV,purchase,A,10,120k+,current,0,Highline Capital Servicing,2022-04-29,2026-06-21,missing,origination_sys_b
LN-60677017,BR-673103,va,2023-05-24,2052-12-17,359643.97,232891.22,7.307,360,CT,purchase,A,5,120k+,delinquent_90,118,Highline Capital Servicing,2026-07-07,2026-03-27,missing,manual_spreadsheet
LN-04775925,BR-612211,va,2021-04-15,2031-02-22,94969.29,61651.49,5.606,120,NM,purchase,C,8,40k-75k,current,0,Coastal Trust Servicing,2024-10-16,2025-12-15,partial,manual_spreadsheet
LN-83388913,BR-923992,jumbo,2022-06-16,2037-03-29,340981.13,284662.61,8.339,180,KS,refinance,D,8,120k+,current,0,Highline Capital Servicing,2023-02-04,2025-12-12,missing,origination_sys_a
LN-78087613,BR-214345,jumbo,2022-04-27,2037-02-07,-48733.65,226048.52,6.172,180,VT,refinance,A,25,75k-120k,closed,0,Coastal Trust Servicing,2025-04-30,2026-01-11,missing,manual_spreadsheet
LN-56693710,BR-275623,jumbo,2024-02-16,2033-12-25,142340.57,105190.2,7.362,120,PA,cash_out_refinance,B,11,<40k,current,0,Highline Capital Servicing,2024-06-02,2025-06-23,partial,origination_sys_b
LN-24446338,BR-186619,fha,2024-02-29,2034-01-07,146159.52,21986.08,6.08,120,OK,purchase,C,17,120k+,current,0,Highline Capital Servicing,2024-10-23,2026-07-07,partial,manual_spreadsheet
LN-53727801,BR-813428,va,2020-01-13,2034-10-26,445072.96,259337.66,6.485,180,SC,refinance,A,11,75k-120k,current,0,Highline Capital Servicing,2021-12-19,2026-01-17,missing,manual_spreadsheet
LN-13135544,BR-599112,fha,2023-06-28,2043-03-15,603649.07,270650.22,5.073,240,NH,cash_out_refinance,A,27,75k-120k,current,0,Meridian Loan Servicing,2026-03-16,2025-11-04,complete,origination_sys_a
LN-84007225,BR-147751,conventional,2023-07-28,2053-02-20,629382.58,327516.65,45.0,360,OH,refinance,A,24,120k+,current,0,Coastal Trust Servicing,2024-10-17,2026-05-30,partial,origination_sys_a
LN-81827686,BR-467885,va,31/02/2021,2037-11-29,249694.09,25115.29,6.484,180,HI,refinance,C,9,75k-120k,current,0,Coastal Trust Servicing,2023-08-30,2026-01-11,complete,origination_sys_b
LN-78764524,BR-468052,va,2024-02-25,2034-01-03,645717.15,137543.92,5.773,120,NY,refinance,A,27,<40k,current,0,Coastal Trust Servicing,2025-06-08,2025-08-14,missing,manual_spreadsheet
LN-28355436,BR-007418,jumbo,2022-11-29,2042-08-16,564560.56,154505.41,5.783,240,ZZ,purchase,B,28,75k-120k,current,0,Meridian Loan Servicing,2024-06-12,2026-02-09,complete,manual_spreadsheet
LN-77400205,BR-540318,fha,2021-01-08,2040-09-25,126979.7,48908.45,5.889,240,IA,refinance,A,23,<40k,current,0,Meridian Loan Servicing,2022-10-11,2025-11-04,partial,origination_sys_b
LN-56132796,BR-428117,va,2019-10-08,2049-05-03,520872.48,161374.56,8.316,360,MA,purchase,B,8,<40k,current,0,Meridian Loan Servicing,2025-12-21,2026-02-27,missing,manual_spreadsheet
LN-55720894,BR-145599,va,2023-01-16,2042-10-03,524012.7,190266.57,4.16,240,OR,refinance,C,17,40k-75k,delinquent_60,73,Highline Capital Servicing,2023-06-14,2025-09-14,complete,manual_spreadsheet
LN-65470562,BR-352853,conventional,2019-05-19,2029-03-27,229445.61,210205.95,5.051,120,NV,cash_out_refinance,B,1,40k-75k,current,0,Meridian Loan Servicing,2024-04-01,2025-10-25,complete,origination_sys_b
LN-71957711,BR-728708,va,2022-06-07,2032-04-15,256295.34,81901.87,6.119,120,KY,cash_out_refinance,A,15,120k+,delinquent_30,31,Coastal Trust Servicing,2024-06-13,2025-08-10,complete,origination_sys_b
LN-70800391,BR-908762,fha,2023-10-26,2038-08-08,289582.03,212307.45,5.581,180,WA,refinance,C,26,<40k,current,0,Coastal Trust Servicing,2024-11-10,2025-09-25,complete,manual_spreadsheet
LN-73043277,BR-239977,fha,2022-10-10,2032-08-18,182226.28,48529.17,4.253,120,NE,purchase,B,17,75k-120k,closed,0,Coastal Trust Servicing,2022-10-29,2025-10-23,partial,origination_sys_a
LN-99120284,BR-847556,jumbo,2023-04-04,2052-10-28,563933.41,187151.01,3.874,360,OR,purchase,D,21,40k-75k,current,0,Meridian Loan Servicing,2024-11-21,2026-02-07,partial,origination_sys_b
LN-17114313,BR-744808,va,2024-03-11,2053-10-05,479413.6,155785.48,7.632,360,VT,cash_out_refinance,A,6,75k-120k,current,0,Meridian Loan Servicing,2024-06-12,2025-09-12,missing,origination_sys_a
LN-85501710,BR-721469,conventional,2024-06-06,2044-02-22,-20757.2,277840.17,6.412,240,KY,purchase,A,2,40k-75k,current,0,Coastal Trust Servicing,2025-09-03,2025-12-25,complete,origination_sys_a
LN-74343924,BR-166648,jumbo,2024-01-28,2043-10-15,149840.77,22335.48,3.805,240,LA,refinance,B,13,40k-75k,current,0,Coastal Trust Servicing,2026-07-21,2026-07-26,missing,origination_sys_a
LN-95313287,BR-095799,conventional,2022-07-15,2032-05-23,643960.06,183767.91,4.739,120,KS,refinance,A,24,40k-75k,current,0,Coastal Trust Servicing,2024-09-17,2025-11-24,partial,origination_sys_a
LN-79551984,BR-340225,conventional,2019-12-27,2034-10-09,417736.12,110583.65,5.159,180,SC,purchase,B,10,40k-75k,current,0,Highline Capital Servicing,2020-08-26,2026-05-27,complete,origination_sys_a
LN-31311979,BR-619697,fha,2022-04-16,2037-01-27,521388.9,120175.58,6.828,180,ID,refinance,C,23,75k-120k,delinquent_60,56,Meridian Loan Servicing,2023-04-14,2026-05-06,missing,origination_sys_a
LN-92591729,BR-180768,jumbo,2024-04-27,2053-11-21,564931.47,166538.5,3.557,360,IN,purchase,A,11,75k-120k,current,0,Meridian Loan Servicing,2026-05-04,2026-07-20,complete,origination_sys_a
LN-51486610,BR-823901,jumbo,31/02/2021,2050-09-25,497573.16,62825.3,4.305,360,CA,cash_out_refinance,A,10,120k+,delinquent_60,73,Coastal Trust Servicing,2021-05-03,2025-11-27,partial,manual_spreadsheet
LN-77222058,BR-134266,fha,2019-12-04,2049-06-29,169549.15,146478.74,3.985,360,IN,purchase,C,2,120k+,current,0,Meridian Loan Servicing,2023-05-20,2026-03-11,partial,origination_sys_b
LN-42422076,BR-035955,jumbo,2021-09-28,2041-06-15,131948.02,64323.72,7.592,240,NE,cash_out_refinance,D,18,40k-75k,current,0,Highline Capital Servicing,2023-06-02,2025-09-04,complete,origination_sys_b
LN-94912100,BR-628153,conventional,2024-01-23,2033-12-01,366197.84,67604.95,3.935,120,OK,refinance,C,27,75k-120k,delinquent_30,40,Coastal Trust Servicing,2025-05-06,2025-08-01,complete,manual_spreadsheet
LN-51253434,BR-602166,conventional,2022-06-30,2052-01-24,144135.74,118595.47,5.479,360,MI,cash_out_refinance,B,1,120k+,current,0,Highline Capital Servicing,2024-07-31,2025-07-25,complete,origination_sys_b
LN-37737604,BR-944530,fha,2023-08-02,2043-04-19,257241.1,60086.48,3.828,240,VA,cash_out_refinance,D,4,<40k,delinquent_60,48,Meridian Loan Servicing,2024-08-30,2025-08-08,complete,origination_sys_a
LN-39624494,BR-538280,conventional,2020-05-25,2030-04-03,340175.74,57718.84,5.433,120,HI,cash_out_refinance,B,27,40k-75k,delinquent_30,34,Coastal Trust Servicing,2022-12-03,2026-02-14,missing,origination_sys_a
LN-66028396,BR-433246,jumbo,2020-07-05,2050-01-29,372570.3,80126.67,6.422,360,AL,cash_out_refinance,C,17,75k-120k,closed,0,Highline Capital Servicing,2021-09-20,2025-08-07,partial,origination_sys_a
LN-15208843,BR-104294,conventional,2020-11-19,2040-08-06,445139.01,96921.07,6.415,240,OR,purchase,C,23,40k-75k,current,0,Coastal Trust Servicing,2026-03-21,2025-10-31,missing,origination_sys_b
LN-12871630,BR-373732,va,2021-11-04,2041-07-22,561888.97,132300.75,5.819,240,DE,refinance,A,27,<40k,delinquent_60,54,Highline Capital Servicing,2022-12-07,2026-01-28,missing,origination_sys_a
LN-45943774,BR-616027,fha,2023-11-12,2053-06-07,382007.95,228768.84,6.381,360,HI,refinance,A,4,120k+,delinquent_60,49,Coastal Trust Servicing,2025-01-24,2025-11-23,partial,origination_sys_b
LN-81662631,BR-351822,va,2024-05-30,2053-12-24,298490.36,273994.29,5.668,360,UT,purchase,C,28,120k+,current,0,Highline Capital Servicing,2026-07-07,2026-06-23,complete,origination_sys_a
LN-51773676,BR-501801,jumbo,2024-04-25,2053-11-19,90901.1,69023.65,5.401,360,OK,refinance,D,22,40k-75k,closed,0,Meridian Loan Servicing,2026-04-06,2026-03-29,missing,manual_spreadsheet
LN-48562746,BR-789341,jumbo,2019-01-20,2038-10-07,319896.73,276444.24,8.052,240,VT,refinance,C,7,<40k,current,0,Meridian Loan Servicing,2020-01-19,2025-08-10,complete,manual_spreadsheet
LN-64920888,BR-364188,conventional,2022-10-02,2052-04-27,165012.36,144126.7,7.76,360,TX,cash_out_refinance,B,10,75k-120k,current,0,Highline Capital Servicing,2026-03-28,2025-10-10,partial,manual_spreadsheet
LN-87671609,BR-145861,jumbo,2019-07-10,2039-03-27,544529.65,432662.02,7.396,240,SC,purchase,B,15,120k+,current,0,Meridian Loan Servicing,2024-02-18,2026-05-20,partial,origination_sys_a
LN-59635706,BR-236385,conventional,2019-05-10,2039-01-25,453334.93,425905.36,3.558,240,HI,cash_out_refinance,D,27,120k+,delinquent_60,69,Meridian Loan Servicing,2020-03-11,2026-06-06,partial,origination_sys_b
LN-24848414,BR-614500,va,2020-05-08,2040-01-24,632982.68,574243.09,7.951,240,OK,purchase,D,30,75k-120k,current,0,Highline Capital Servicing,2020-12-16,2026-07-24,complete,origination_sys_b
LN-03675318,BR-487421,conventional,2020-11-10,2050-06-06,488495.1,313222.88,8.151,360,MT,purchase,D,26,40k-75k,current,0,Coastal Trust Servicing,2024-08-25,2025-09-22,complete,origination_sys_b
LN-50984591,BR-571368,jumbo,2019-04-06,2029-02-12,520122.75,294946.58,5.593,120,RI,cash_out_refinance,B,8,120k+,current,0,Highline Capital Servicing,2022-07-23,2025-06-03,partial,origination_sys_a
LN-79626236,BR-969563,conventional,2019-10-10,2049-05-05,423438.94,83217.89,7.304,360,OK,refinance,D,21,75k-120k,current,0,Highline Capital Servicing,2019-12-01,2025-05-27,missing,origination_sys_a
LN-61072534,BR-665263,va,2019-02-21,2048-09-16,162836.23,61924.0,6.965,360,AR,refinance,D,13,75k-120k,current,0,Coastal Trust Servicing,2019-09-29,2025-10-25,complete,manual_spreadsheet
LN-73571714,BR-909710,va,2020-05-29,2035-03-12,433720.17,124136.72,6.283,180,FL,purchase,C,0,75k-120k,delinquent_60,52,Highline Capital Servicing,2022-02-22,2024-10-17,complete,origination_sys_a
LN-75075957,BR-154386,va,2024-03-16,2043-12-02,420221.79,122867.89,5.304,240,IN,cash_out_refinance,D,17,<40k,current,0,Meridian Loan Servicing,2026-01-29,2026-02-07,partial,origination_sys_b
LN-27057554,BR-263009,conventional,2020-05-07,2035-02-18,626571.19,231725.66,6.635,180,IN,cash_out_refinance,B,27,120k+,current,0,Meridian Loan Servicing,2022-08-27,2025-12-15,missing,manual_spreadsheet
LN-30075522,BR-364065,conventional,2023-12-05,2053-06-30,448539.86,67824.41,7.28,360,PA,purchase,A,11,<40k,delinquent_30,32,Highline Capital Servicing,2026-02-17,2026-06-03,missing,origination_sys_b
LN-12778262,BR-898690,fha,2022-05-27,2032-04-04,240464.94,39030.53,4.116,120,AL,cash_out_refinance,D,17,<40k,current,0,Highline Capital Servicing,2023-07-31,2026-01-29,missing,manual_spreadsheet
LN-62165079,BR-560621,jumbo,2024-01-25,2043-10-12,200690.06,36167.59,8.258,240,MN,purchase,B,3,75k-120k,delinquent_60,50,Coastal Trust Servicing,2024-04-05,2025-09-22,complete,origination_sys_b
LN-89137762,BR-363447,jumbo,2021-09-22,2051-04-18,267157.26,104055.37,6.258,360,ID,cash_out_refinance,A,26,75k-120k,current,0,Meridian Loan Servicing,2024-09-29,2025-12-04,complete,origination_sys_b
LN-45955947,BR-327724,conventional,2023-02-11,2032-12-20,494632.46,94826.28,5.484,120,NC,purchase,B,27,40k-75k,delinquent_60,45,Coastal Trust Servicing,2023-11-25,2026-03-24,partial,origination_sys_a
LN-03029344,BR-093758,va,2020-01-02,2034-10-15,499474.29,269227.68,6.393,180,OR,purchase,D,20,120k+,current,0,Highline Capital Servicing,2020-11-15,2025-09-27,missing,origination_sys_b
LN-08425211,BR-686431,jumbo,2021-02-09,2035-11-23,374331.92,243329.48,5.895,180,PA,purchase,D,0,40k-75k,delinquent_60,70,Meridian Loan Servicing,2021-10-28,2026-04-06,missing,manual_spreadsheet
LN-54968789,BR-264424,fha,2019-11-26,2034-09-08,438838.04,402277.46,7.473,180,WY,purchase,C,5,75k-120k,current,62,Highline Capital Servicing,2026-07-11,2025-09-01,complete,origination_sys_a
LN-86195857,BR-069509,jumbo,31/02/2021,2050-09-09,155361.52,145406.23,6.11,360,MS,purchase,D,7,120k+,current,0,Highline Capital Servicing,2023-01-31,2026-01-01,missing,manual_spreadsheet
LN-55207055,BR-328414,va,2024-02-03,2033-12-12,322528.96,341580.48000000004,4.807,120,OH,refinance,C,19,75k-120k,delinquent_30,44,Coastal Trust Servicing,2025-03-15,2025-10-24,complete,origination_sys_b
LN-77867461,BR-243567,fha,2022-02-04,2020-12-31,181870.17,86346.55,5.446,360,SD,purchase,A,26,40k-75k,current,0,Highline Capital Servicing,2025-06-17,2026-07-02,partial,origination_sys_a
LN-62907140,BR-895175,fha,2019-05-12,2039-01-27,206409.04,182045.8,6.576,240,UT,purchase,C,7,<40k,current,0,Meridian Loan Servicing,2020-05-01,2026-04-11,partial,origination_sys_b
LN-28939261,BR-952410,va,2020-12-24,2050-07-20,311107.05,242581.42,5.2,360,DE,cash_out_refinance,C,28,75k-120k,current,0,Coastal Trust Servicing,2023-06-18,2026-03-09,partial,manual_spreadsheet
LN-42372784,BR-357223,va,2021-09-17,2036-06-30,511759.77,68036.97,3.88,180,ID,refinance,C,11,40k-75k,current,0,Coastal Trust Servicing,2023-03-22,2025-06-15,complete,manual_spreadsheet
LN-22611966,BR-675046,jumbo,2022-10-31,2037-08-13,364429.62,8490.98,7.991,180,OR,refinance,D,5,75k-120k,closed,43,Highline Capital Servicing,2024-01-28,2025-09-26,missing,origination_sys_a
LN-19646025,BR-362524,va,2019-04-21,2048-11-14,352642.44,172917.25,5.33,360,NY,refinance,B,13,75k-120k,current,0,Highline Capital Servicing,2023-10-17,2026-07-03,partial,origination_sys_b
LN-43191814,BR-985773,conventional,2020-01-04,2034-10-17,638185.3,234143.72,5.492,180,VT,purchase,A,6,75k-120k,delinquent_30,41,Highline Capital Servicing,2021-02-01,2026-03-12,partial,manual_spreadsheet
LN-18915617,BR-364783,va,2020-11-16,2040-08-03,285748.35,135359.7,5.819,240,GA,purchase,C,13,120k+,delinquent_90,76,Meridian Loan Servicing,2021-10-06,2025-12-28,complete,origination_sys_b
LN-79754181,BR-227723,conventional,2020-04-12,2039-12-29,260620.6,183046.12,3.819,240,NM,cash_out_refinance,A,0,120k+,current,0,Coastal Trust Servicing,2021-03-18,2026-01-14,complete,origination_sys_b
LN-61806834,BR-952496,fha,2022-06-19,2037-04-01,128057.42,20252.13,6.454,180,NJ,cash_out_refinance,D,16,75k-120k,current,0,Highline Capital Servicing,2025-03-01,2026-01-13,missing,origination_sys_a
LN-88340994,BR-042203,jumbo,2023-07-07,2033-05-15,331860.37,212086.71,7.911,120,NV,refinance,B,5,120k+,current,0,Highline Capital Servicing,2024-09-30,2026-02-23,partial,origination_sys_a
LN-65210114,BR-474319,conventional,2021-05-14,2036-02-25,374467.74,101119.32,4.43,180,CT,refinance,C,4,120k+,current,0,Coastal Trust Servicing,2021-05-30,2025-10-24,complete,origination_sys_a
LN-60071235,BR-182309,fha,2019-11-05,2029-09-13,361340.35,238258.46,5.424,120,NH,purchase,A,6,120k+,current,0,Coastal Trust Servicing,2020-11-23,2026-01-24,missing,manual_spreadsheet
LN-95261882,BR-163121,fha,2020-03-02,2049-09-26,301800.09,40129.81,3.545,360,AZ,cash_out_refinance,D,22,40k-75k,delinquent_90,77,Highline Capital Servicing,2021-03-03,2026-06-17,complete,origination_sys_a
LN-31514356,BR-387037,va,2021-10-20,2031-08-29,470988.45,311955.06,7.993,120,NY,cash_out_refinance,D,17,75k-120k,closed,0,Coastal Trust Servicing,2025-09-16,2025-07-01,partial,origination_sys_a
LN-15485475,BR-786363,conventional,2022-03-06,2036-12-17,389863.71,263107.81,6.791,180,OH,refinance,B,16,120k+,current,0,Coastal Trust Servicing,2023-01-15,2025-02-17,missing,origination_sys_b
LN-82405865,BR-723609,fha,2020-10-22,2050-05-18,445315.24,381236.82,6.779,360,CO,refinance,A,11,120k+,current,0,Highline Capital Servicing,2021-06-17,2025-08-31,missing,origination_sys_b
LN-75152617,BR-137955,conventional,2021-12-19,2031-10-28,498551.19,120007.24,4.334,120,ID,cash_out_refinance,D,16,75k-120k,current,0,Coastal Trust Servicing,2022-11-07,2025-07-22,missing,manual_spreadsheet
LN-68325357,BR-349002,conventional,2021-06-26,2041-03-13,594416.43,286764.83,6.088,240,MD,purchase,C,7,40k-75k,closed,0,Highline Capital Servicing,2021-08-09,2026-06-27,missing,origination_sys_b
LN-28039777,BR-186595,va,2024-02-26,2038-12-09,-28859.7,74720.67,3.687,180,OR,refinance,A,24,<40k,current,0,Highline Capital Servicing,2025-02-16,2025-10-06,partial,origination_sys_b
LN-73305152,BR-073455,fha,2024-03-20,2034-01-27,575778.31,436031.14,5.66,120,MT,purchase,B,10,<40k,current,0,Highline Capital Servicing,2025-10-26,2026-04-21,missing,origination_sys_a
LN-54616720,BR-739064,va,2022-01-27,2051-08-23,229658.05,140378.95,4.452,360,MN,cash_out_refinance,A,24,75k-120k,current,0,Meridian Loan Servicing,2024-01-13,2026-02-02,missing,origination_sys_b
LN-70726182,BR-383437,fha,2022-06-30,2037-04-12,331064.15,54433.16,4.519,180,ND,refinance,D,19,40k-75k,current,0,Coastal Trust Servicing,2026-05-31,2026-06-23,missing,origination_sys_a
LN-49066931,BR-283957,va,2021-02-10,2030-12-20,225610.12,202802.39,5.923,120,RI,cash_out_refinance,A,5,40k-75k,current,0,Coastal Trust Servicing,2026-07-13,2025-06-28,partial,manual_spreadsheet
LN-33629586,BR-888052,fha,2024-03-12,2034-01-19,102658.87,17048.6,5.209,120,MT,cash_out_refinance,B,2,120k+,current,64,Coastal Trust Servicing,2026-02-04,2025-06-10,missing,manual_spreadsheet
LN-41656216,BR-894976,fha,2022-11-06,2037-08-19,317880.0,333995.36,5.087,180,OK,cash_out_refinance,A,5,75k-120k,current,0,Meridian Loan Servicing,2023-01-05,2025-11-16,partial,origination_sys_b
LN-71176252,BR-263645,jumbo,2024-05-22,2053-12-16,252908.42,79977.67,7.06,360,MS,purchase,D,15,120k+,delinquent_60,74,Meridian Loan Servicing,2024-11-05,2025-08-17,complete,origination_sys_a
LN-70998434,BR-240733,conventional,2019-03-08,2048-10-01,515787.15,483415.25,6.103,360,NH,refinance,A,28,40k-75k,current,0,Coastal Trust Servicing,2025-03-19,2025-09-12,partial,manual_spreadsheet
LN-72129694,BR-137955,fha,2019-03-22,2048-10-15,374192.21,154896.39,5.465,360,MA,refinance,A,5,120k+,current,0,Coastal Trust Servicing,2021-06-26,2025-11-03,partial,origination_sys_a
LN-14353759,BR-337956,fha,2020-05-27,2040-02-12,474278.93,84854.15,4.311,240,GA,purchase,A,13,75k-120k,delinquent_30,41,Highline Capital Servicing,2025-05-28,2025-07-17,partial,manual_spreadsheet
LN-44864264,BR-460826,fha,2020-01-06,2029-11-14,592168.89,79132.24,3.745,120,GA,purchase,C,1,40k-75k,current,0,Meridian Loan Servicing,2026-06-30,2026-01-21,,origination_sys_b
LN-65714590,BR-233045,va,2020-11-09,2019-10-06,107947.88,64292.31,5.854,120,DE,cash_out_refinance,C,10,120k+,current,0,Coastal Trust Servicing,2023-03-18,2026-05-05,missing,origination_sys_a
LN-99263593,BR-155641,fha,2022-06-07,2032-04-15,142302.27,46921.44,7.043,120,IL,purchase,A,0,120k+,current,0,Coastal Trust Servicing,2023-02-03,2026-04-06,missing,origination_sys_a
LN-22735306,BR-376013,va,2023-06-26,2053-01-19,316003.45,210545.7,8.111,360,NM,refinance,A,20,40k-75k,current,0,Highline Capital Servicing,2024-05-09,2026-04-24,missing,origination_sys_b
LN-56505397,BR-018335,fha,2024-01-01,2043-09-18,343607.94,88636.54,6.355,240,MO,purchase,A,27,75k-120k,delinquent_90,108,Coastal Trust Servicing,2026-05-28,2025-11-01,partial,manual_spreadsheet
LN-51302057,BR-913483,va,2019-03-06,2038-11-21,315905.65,166641.41,4.216,240,CT,cash_out_refinance,B,6,<40k,current,82,Highline Capital Servicing,2023-07-10,2025-09-19,missing,manual_spreadsheet
LN-81770762,BR-225762,fha,2019-08-26,2029-07-04,257259.35,234768.33,4.868,120,AL,cash_out_refinance,A,6,75k-120k,delinquent_60,47,Coastal Trust Servicing,2023-03-22,2026-01-26,partial,origination_sys_a
LN-00903037,BR-866433,fha,2024-04-15,2044-01-01,407227.28,327580.25,7.064,240,TX,cash_out_refinance,A,29,120k+,current,0,Coastal Trust Servicing,2024-08-27,2026-01-14,complete,manual_spreadsheet
LN-18231938,BR-340148,va,2021-08-17,2031-06-26,339682.98,125069.14,7.34,120,RI,cash_out_refinance,B,16,<40k,delinquent_30,37,Highline Capital Servicing,2026-03-18,2025-09-23,missing,origination_sys_a
LN-59338574,BR-752609,jumbo,2020-10-29,2030-09-07,531685.64,264336.17,4.072,120,RI,refinance,C,17,<40k,current,0,Highline Capital Servicing,2022-10-20,2025-10-03,partial,origination_sys_b
LN-02157876,BR-426428,va,2019-05-23,2029-03-31,470739.95,208563.88,6.351,120,UT,refinance,D,22,75k-120k,delinquent_30,35,Meridian Loan Servicing,2025-12-03,2026-05-05,complete,manual_spreadsheet
LN-78388273,BR-333564,fha,2021-11-11,2051-06-07,563152.94,126918.11,6.277,360,MS,refinance,B,9,40k-75k,current,0,Meridian Loan Servicing,2021-12-04,2025-06-01,complete,manual_spreadsheet
LN-88869644,BR-832404,fha,2019-02-02,2033-11-15,491163.36,263412.81,7.061,180,LA,refinance,C,1,<40k,current,0,Coastal Trust Servicing,2024-07-04,2026-04-25,missing,origination_sys_b
LN-55626666,BR-556950,jumbo,2019-08-20,2049-03-15,628190.52,554030.34,6.063,360,NM,cash_out_refinance,C,13,75k-120k,delinquent_30,38,Highline Capital Servicing,2022-11-16,2026-01-25,complete,origination_sys_a
,BR-212801,fha,2022-11-24,2042-08-11,494373.88,232775.78,8.051,240,WV,purchase,D,11,40k-75k,current,0,Highline Capital Servicing,2024-03-21,2026-03-21,partial,origination_sys_a
LN-74367158,BR-028044,jumbo,2023-06-26,2033-05-04,275423.36,241892.98,7.231,120,WI,cash_out_refinance,B,12,120k+,current,0,Highline Capital Servicing,2024-12-14,2026-02-09,complete,manual_spreadsheet
LN-90538662,BR-282546,fha,2023-11-18,2053-06-13,86761.93,103034.78,7.172,360,PA,purchase,C,21,40k-75k,current,0,Highline Capital Servicing,2025-05-31,2026-05-16,complete,manual_spreadsheet
LN-21009689,BR-671816,fha,2019-01-18,2028-11-26,86818.0,75267.39,7.98,120,VT,purchase,C,9,120k+,current,0,Coastal Trust Servicing,2019-11-24,2026-06-07,missing,origination_sys_b
LN-72039281,BR-092361,jumbo,2024-03-04,2043-11-20,518534.7,187508.23,4.592,240,TN,purchase,D,22,75k-120k,current,0,Meridian Loan Servicing,2024-04-08,2025-08-22,complete,origination_sys_a
LN-62795594,BR-487750,jumbo,2022-03-16,2041-12-01,523025.18,488531.63,4.106,240,OH,refinance,C,21,75k-120k,current,0,Highline Capital Servicing,2022-07-07,2025-06-20,missing,manual_spreadsheet
LN-25962316,BR-484100,fha,2019-07-05,2039-03-22,384736.99,51252.09,5.946,240,CA,cash_out_refinance,C,15,120k+,current,0,Meridian Loan Servicing,2019-12-03,2026-04-28,partial,origination_sys_a
LN-15901649,BR-071103,conventional,2020-11-22,2030-10-01,311139.48,239600.28,5.781,120,HI,cash_out_refinance,A,26,<40k,current,0,Meridian Loan Servicing,2026-06-20,2025-03-07,missing,manual_spreadsheet
LN-16539201,BR-027131,fha,2020-03-27,2030-02-03,538538.51,316509.99,8.128,120,AZ,purchase,A,25,120k+,delinquent_30,41,Meridian Loan Servicing,2020-05-30,2025-11-14,partial,origination_sys_a
LN-87626549,BR-601496,va,2019-01-14,2028-11-22,182265.33,159341.81,5.239,120,AL,cash_out_refinance,B,6,<40k,current,0,Coastal Trust Servicing,2020-02-09,2026-05-22,missing,origination_sys_b
LN-18941903,BR-226841,conventional,2023-11-02,2038-08-15,344603.12,143873.66,8.124,180,ID,purchase,A,15,<40k,current,0,Meridian Loan Servicing,2026-05-06,2026-07-13,complete,manual_spreadsheet
LN-22418050,BR-426134,fha,2021-06-29,2041-03-16,318867.78,100435.78,6.66,240,LA,purchase,C,4,<40k,delinquent_60,69,Coastal Trust Servicing,2024-09-05,2025-11-14,complete,origination_sys_b
LN-17995524,BR-582440,jumbo,2019-10-07,2029-08-15,565441.28,578709.53,7.181,120,KS,purchase,C,13,40k-75k,current,0,Coastal Trust Servicing,2021-06-08,2026-04-06,missing,origination_sys_a
LN-47842507,BR-912604,va,2021-05-05,2031-03-14,102833.45,56552.77,4.309,120,NJ,cash_out_refinance,A,14,120k+,delinquent_30,30,Meridian Loan Servicing,2026-03-30,2025-12-19,missing,origination_sys_b
,BR-087096,conventional,2020-01-14,2039-10-01,437282.25,153784.84,4.055,240,MS,refinance,A,11,75k-120k,current,0,Meridian Loan Servicing,2026-04-20,2026-05-20,missing,origination_sys_a
LN-27232620,BR-345176,va,2022-02-22,2036-12-05,158891.31,105711.94,45.0,180,MS,cash_out_refinance,A,6,120k+,current,0,Meridian Loan Servicing,2022-08-05,2026-05-26,partial,origination_sys_a
LN-90469447,BR-010885,va,2020-08-13,2030-06-22,142338.0,101835.53,5.558,120,MI,cash_out_refinance,C,15,120k+,current,0,Highline Capital Servicing,2024-01-10,2026-02-22,missing,origination_sys_a
LN-34197298,BR-661203,fha,2024-01-14,2043-10-01,177890.16,129680.8,5.704,240,MS,purchase,B,17,<40k,current,0,Coastal Trust Servicing,2024-12-03,2025-08-15,partial,origination_sys_a
LN-79919556,BR-289796,jumbo,31/02/2021,2050-08-29,387723.96,314751.22,5.193,360,DE,cash_out_refinance,D,28,<40k,current,0,Meridian Loan Servicing,2024-11-21,2026-02-11,missing,origination_sys_a
LN-65292054,BR-879146,conventional,2019-10-19,2030-08-01,610882.99,72676.99,8.042,120,MS,refinance,B,22,120k+,current,0,Highline Capital Servicing,2025-01-20,2026-04-08,partial,origination_sys_a
LN-98289481,BR-137955,conventional,2020-08-05,2040-04-22,280272.37,33381.82,8.166,240,PA,refinance,A,0,120k+,delinquent_60,51,Coastal Trust Servicing,2023-08-29,2026-06-15,partial,origination_sys_a
LN-50883540,BR-029846,va,2022-02-12,2051-09-08,484840.79,149351.72,5.586,360,NY,cash_out_refinance,B,0,<40k,current,0,Highline Capital Servicing,2024-11-17,2025-10-27,complete,manual_spreadsheet
LN-83702514,BR-630369,conventional,2023-03-07,2042-11-22,411207.49,192963.88,4.949,240,ND,cash_out_refinance,A,16,40k-75k,delinquent_60,66,Coastal Trust Servicing,2024-03-16,2026-05-22,complete,manual_spreadsheet
LN-66058053,BR-439112,fha,2023-03-22,2038-01-02,389916.03,81267.6,7.476,180,OK,cash_out_refinance,A,13,120k+,delinquent_60,70,Meridian Loan Servicing,2023-11-15,2025-10-17,complete,origination_sys_a
LN-91371166,BR-329471,conventional,2021-09-09,2020-08-05,257596.88,165329.98,7.373,240,WI,refinance,A,6,<40k,delinquent_30,44,Meridian Loan Servicing,2026-02-19,2026-06-26,missing,manual_spreadsheet
LN-01652601,BR-725387,fha,2022-04-29,2032-03-07,347376.93,61746.28,6.025,120,CA,purchase,A,16,40k-75k,current,0,Coastal Trust Servicing,2023-05-26,2026-06-22,partial,origination_sys_a
LN-35491332,BR-219111,va,2024-01-21,2033-11-29,634940.55,549932.89,7.024,120,OK,cash_out_refinance,A,2,75k-120k,current,0,Highline Capital Servicing,2024-05-18,2026-01-30,partial,origination_sys_b
LN-88893066,BR-356136,conventional,2021-07-24,2041-04-10,471616.54,110864.48,7.207,240,HI,purchase,C,6,75k-120k,current,0,Meridian Loan Servicing,2024-11-23,2025-09-05,partial,origination_sys_a
LN-76446442,BR-712461,conventional,2020-04-21,2049-11-15,493364.29,351896.73,45.0,360,CA,refinance,A,5,120k+,delinquent_30,39,Coastal Trust Servicing,2023-12-21,2026-06-23,complete,origination_sys_b
LN-24558507,BR-981484,conventional,2022-06-27,2032-05-05,513297.72,199201.34,3.664,120,OK,cash_out_refinance,C,28,40k-75k,current,0,Highline Capital Servicing,2024-11-25,2025-09-12,complete,origination_sys_b
LN-54853496,BR-393008,va,2023-01-05,2052-07-31,357849.31,306685.91,7.548,360,PA,purchase,C,12,<40k,current,0,Highline Capital Servicing,2024-12-11,2026-03-04,partial,origination_sys_b
LN-81150645,BR-404035,va,2020-12-20,2030-10-29,456906.8,337895.44,6.363,120,NY,purchase,B,10,120k+,current,0,Coastal Trust Servicing,2024-10-10,2025-07-04,complete,manual_spreadsheet
LN-20942708,BR-030842,conventional,2020-09-05,2040-05-23,632573.82,492461.99,6.758,240,MD,cash_out_refinance,C,13,75k-120k,current,0,Meridian Loan Servicing,2025-04-29,2025-09-18,partial,origination_sys_b
LN-52974956,BR-745653,fha,2022-07-03,2052-01-27,462789.34,224254.7,4.702,360,WV,cash_out_refinance,C,27,120k+,current,60,Highline Capital Servicing,2024-04-15,2025-09-04,complete,manual_spreadsheet
LN-21073494,BR-922072,fha,2020-02-21,2049-09-16,232152.81,163902.69,6.721,360,AZ,cash_out_refinance,D,25,<40k,current,0,Meridian Loan Servicing,2021-01-29,2025-12-25,partial,manual_spreadsheet
LN-97117958,BR-992821,va,2020-09-02,2030-07-12,593327.68,358396.13,5.146,120,PA,cash_out_refinance,D,25,40k-75k,current,0,Highline Capital Servicing,2023-02-11,2025-12-21,complete,origination_sys_a
LN-39346989,BR-378096,conventional,2019-12-25,2034-10-07,632856.38,364807.47,6.953,180,TX,purchase,C,17,120k+,current,0,Highline Capital Servicing,2024-01-19,2026-03-01,missing,origination_sys_a
LN-08228968,BR-740889,jumbo,2021-12-31,2036-10-13,568858.87,352578.52,7.185,180,MI,cash_out_refinance,D,28,<40k,delinquent_90,91,Meridian Loan Servicing,2025-11-30,2025-11-02,partial,manual_spreadsheet
LN-76146023,BR-512776,fha,31/02/2021,2039-01-31,319896.2,105614.74,7.735,240,UT,refinance,C,14,120k+,current,0,Coastal Trust Servicing,2020-11-12,2025-06-15,partial,origination_sys_a
LN-29966991,BR-714420,va,2022-11-08,2042-07-26,535731.34,418478.95,4.351,240,OR,purchase,A,22,120k+,current,70,Highline Capital Servicing,2025-08-16,2026-03-20,complete,origination_sys_a
LN-18692644,BR-122693,jumbo,2023-01-01,2037-10-14,188610.17,40995.13,3.929,180,NM,purchase,C,22,120k+,delinquent_30,34,Coastal Trust Servicing,2024-03-10,2025-12-13,missing,origination_sys_b
LN-43668780,BR-539618,conventional,2022-12-21,2052-07-16,499579.34,365796.11,6.402,360,KY,purchase,D,29,75k-120k,current,0,Highline Capital Servicing,2023-09-17,2025-09-29,complete,origination_sys_b
LN-34928954,BR-174959,jumbo,2022-12-25,2052-07-20,160823.57,136810.08,3.766,360,GA,purchase,B,5,<40k,current,0,Highline Capital Servicing,2024-06-09,2026-06-18,complete,manual_spreadsheet
LN-44881081,BR-152855,conventional,2021-08-14,2051-03-10,146133.71,27634.04,6.13,360,OR,purchase,D,29,<40k,current,0,Meridian Loan Servicing,2025-12-04,2026-03-15,partial,manual_spreadsheet
LN-81086495,BR-096937,fha,2019-07-13,2039-03-30,94798.44,35159.27,4.557,240,AR,cash_out_refinance,C,10,<40k,current,0,Coastal Trust Servicing,2020-04-27,2025-07-25,missing,manual_spreadsheet
LN-81727614,BR-483616,va,2021-02-20,2030-12-30,307349.34,245477.1,6.063,120,NY,refinance,D,15,75k-120k,closed,0,Coastal Trust Servicing,2024-07-03,2025-06-11,partial,origination_sys_a
LN-34261465,BR-249411,va,2023-03-30,2052-10-23,542266.78,232205.35,7.708,360,ND,refinance,C,18,<40k,current,0,Coastal Trust Servicing,2023-09-02,2026-02-18,complete,manual_spreadsheet
LN-57074780,BR-473774,va,2019-08-09,2049-03-04,315421.06,175071.93,5.207,360,ID,purchase,B,2,75k-120k,delinquent_30,43,Coastal Trust Servicing,2020-10-17,2025-10-09,partial,manual_spreadsheet
LN-96469366,BR-331010,fha,2019-02-06,2028-12-15,305112.29,286406.19,7.795,120,IN,refinance,B,20,40k-75k,current,0,Highline Capital Servicing,2026-02-13,2026-05-03,missing,origination_sys_a
LN-79485258,BR-006798,va,2019-06-26,2039-03-13,518741.05,427473.33,3.685,240,MT,refinance,D,7,<40k,current,0,Coastal Trust Servicing,2019-09-11,2026-06-14,partial,manual_spreadsheet
LN-36021322,BR-936861,va,2020-10-08,2030-08-17,-23390.76,92824.02,7.115,120,MO,refinance,C,25,120k+,delinquent_60,60,Meridian Loan Servicing,2023-02-03,2026-04-27,partial,manual_spreadsheet
LN-49320083,BR-188004,fha,2023-03-15,2033-01-21,460222.18,386709.94,4.103,120,IA,refinance,C,10,75k-120k,current,0,Meridian Loan Servicing,2026-04-28,2026-07-12,partial,origination_sys_a
LN-76815511,BR-237774,conventional,2023-10-14,2033-08-22,482650.8,78364.49,4.271,120,MS,refinance,B,3,40k-75k,current,0,Highline Capital Servicing,2026-07-02,2025-07-25,partial,origination_sys_a
LN-62757149,BR-895694,conventional,2020-05-17,2049-12-11,274552.44,142967.88,7.088,360,ND,purchase,A,10,75k-120k,current,0,Highline Capital Servicing,2022-03-21,2025-12-02,partial,origination_sys_a
LN-65246537,BR-902597,jumbo,2021-03-16,2031-01-23,456300.42,184689.47,6.719,120,OH,cash_out_refinance,D,22,75k-120k,delinquent_90,120,Coastal Trust Servicing,2023-06-22,2026-07-15,complete,origination_sys_b
LN-20557107,BR-527791,conventional,2019-06-22,2029-04-30,386337.09,238951.61,7.708,120,KY,cash_out_refinance,C,3,<40k,delinquent_30,44,Coastal Trust Servicing,2020-11-13,2026-03-04,partial,origination_sys_b
LN-68226851,BR-371517,jumbo,2022-03-18,2032-01-25,338293.88,38731.95,3.99,120,VA,refinance,D,2,<40k,delinquent_30,39,Meridian Loan Servicing,2024-08-04,2026-04-18,complete,origination_sys_b
LN-56969741,BR-544955,fha,2020-03-15,2049-10-09,124501.43,46650.8,5.777,360,AZ,cash_out_refinance,B,30,75k-120k,current,0,Meridian Loan Servicing,2024-10-13,2025-10-14,complete,origination_sys_a
LN-01749321,BR-705004,va,2021-01-26,2040-10-13,102960.82,35245.36,6.329,240,MI,refinance,D,26,40k-75k,closed,0,Meridian Loan Servicing,2023-11-25,2026-02-04,missing,origination_sys_b
LN-63930642,BR-010673,conventional,2023-04-09,2052-11-02,460315.82,379007.84,6.72,360,CO,purchase,A,30,40k-75k,delinquent_30,31,Highline Capital Servicing,2026-02-01,2026-05-07,complete,origination_sys_a
LN-05354931,BR-053095,va,2022-09-10,2037-06-23,628554.76,450222.37,4.22,180,KY,purchase,B,9,120k+,current,0,Coastal Trust Servicing,2023-08-22,2026-01-14,complete,manual_spreadsheet
LN-82980252,BR-559235,conventional,2024-05-22,2044-02-07,183430.97,63044.21,5.921,240,NE,cash_out_refinance,B,29,<40k,current,0,Highline Capital Servicing,2025-12-10,2025-12-29,,manual_spreadsheet
LN-85715129,BR-950896,fha,2019-07-27,2034-05-09,-28350.17,203993.03,3.503,180,NM,refinance,C,26,120k+,current,0,Highline Capital Servicing,2021-12-14,2025-07-13,missing,manual_spreadsheet
LN-87982588,BR-969726,va,2020-07-30,2030-06-08,172007.29,85319.76,5.208,120,NJ,cash_out_refinance,C,0,40k-75k,current,0,Coastal Trust Servicing,2020-08-07,2025-08-02,missing,origination_sys_b
LN-08658841,BR-936388,conventional,2019-01-09,2028-11-17,463442.65,277514.75,4.124,120,MS,purchase,D,0,40k-75k,delinquent_60,60,Coastal Trust Servicing,2019-03-31,2026-03-03,,manual_spreadsheet
LN-99047609,BR-612511,fha,2024-03-02,2043-11-18,189161.66,48455.9,3.827,240,FL,cash_out_refinance,A,4,75k-120k,current,0,Coastal Trust Servicing,2026-07-26,2025-09-28,complete,manual_spreadsheet
LN-25496909,BR-492643,conventional,2023-02-01,2042-10-19,189355.38,70765.53,7.919,240,IA,purchase,C,29,120k+,closed,0,Coastal Trust Servicing,2025-08-08,2026-04-11,partial,origination_sys_a
LN-99130604,BR-079824,va,2021-03-13,2035-12-25,270782.31,54675.36,7.663,180,MI,cash_out_refinance,B,30,<40k,delinquent_30,41,Coastal Trust Servicing,2024-09-01,2026-01-03,partial,origination_sys_a
LN-01943606,BR-523072,conventional,2022-07-04,2052-01-28,409992.65,359684.71,5.767,360,NJ,refinance,A,10,<40k,current,0,Highline Capital Servicing,2025-05-28,2026-05-22,partial,manual_spreadsheet
LN-15346110,BR-155635,fha,2020-01-30,2029-12-08,138533.1,61522.71,4.237,120,MD,cash_out_refinance,C,9,75k-120k,current,0,Meridian Loan Servicing,2025-11-19,2026-03-21,missing,manual_spreadsheet
LN-12973669,BR-535964,fha,2022-10-21,2037-08-03,112671.06,58471.58,4.024,180,AZ,refinance,B,29,<40k,delinquent_60,46,Coastal Trust Servicing,2024-01-20,2025-11-24,missing,origination_sys_a
LN-48003514,BR-693912,fha,2021-08-13,2036-05-26,216240.85,70408.4,7.927,180,WA,purchase,C,27,40k-75k,closed,0,Meridian Loan Servicing,2022-09-18,2025-09-14,complete,origination_sys_a
LN-93286999,BR-880197,fha,2023-09-23,2043-06-10,599069.9,558426.18,6.163,240,VT,refinance,C,19,120k+,current,0,Coastal Trust Servicing,2025-02-04,2025-11-21,complete,manual_spreadsheet
LN-21554777,BR-613873,jumbo,2022-04-17,2037-01-28,567028.2,396888.36,4.395,180,VA,refinance,D,22,120k+,current,0,Highline Capital Servicing,2023-10-18,2026-07-13,missing,origination_sys_b
LN-43182072,BR-520534,jumbo,2022-07-30,2032-06-07,198103.77,37510.57,5.545,120,NY,refinance,C,12,<40k,current,0,Meridian Loan Servicing,2025-01-19,2025-11-04,complete,origination_sys_b
LN-79000213,BR-386279,va,2022-08-14,2032-06-22,284682.97,250505.15,3.543,120,MD,refinance,C,25,120k+,delinquent_60,62,Highline Capital Servicing,2025-11-13,2025-07-11,missing,origination_sys_a
LN-55483084,BR-944801,fha,2021-08-24,2036-06-06,573315.69,433746.73,5.028,180,WV,purchase,D,25,75k-120k,delinquent_30,33,Highline Capital Servicing,2022-11-28,2026-02-20,,origination_sys_b
LN-01995795,BR-339034,va,2022-11-05,2052-05-31,514819.7,186910.02,6.348,360,NH,cash_out_refinance,C,2,40k-75k,current,0,Meridian Loan Servicing,2025-12-11,2026-07-08,complete,origination_sys_a
LN-25430393,BR-914739,fha,2023-08-20,2053-03-15,95297.95,74413.51,4.15,360,IN,refinance,D,26,120k+,delinquent_90,88,Meridian Loan Servicing,2025-05-16,2025-09-28,missing,origination_sys_a
LN-85984572,BR-847726,fha,2021-10-26,2051-05-22,237001.36,223651.83,5.575,360,ID,cash_out_refinance,D,14,120k+,current,0,Coastal Trust Servicing,2022-11-05,2026-04-06,missing,manual_spreadsheet
LN-29672495,BR-901734,va,2019-07-15,2049-02-07,478227.51,436566.82,4.537,360,AZ,refinance,A,2,120k+,delinquent_60,53,Highline Capital Servicing,2023-05-22,2026-03-03,missing,origination_sys_b
LN-74052918,BR-810125,jumbo,2023-10-19,2038-08-01,306104.37,288005.41,4.342,180,TX,purchase,C,4,120k+,current,0,Highline Capital Servicing,2024-04-18,2026-05-10,complete,manual_spreadsheet
LN-61645032,BR-291000,fha,2019-03-12,2018-02-05,331973.14,301898.82,6.9,180,CA,purchase,A,25,40k-75k,current,0,Coastal Trust Servicing,2021-01-24,2026-06-02,complete,origination_sys_b
LN-91231433,BR-408630,fha,2021-11-15,2031-09-24,544905.87,368205.08,5.555,120,WY,cash_out_refinance,D,3,40k-75k,current,0,Highline Capital Servicing,2022-05-28,2025-12-20,missing,origination_sys_b
LN-83843653,BR-625926,conventional,2022-07-16,2052-02-09,466403.3,57595.29,5.044,360,WV,refinance,B,19,<40k,current,0,Meridian Loan Servicing,2023-04-23,2026-06-25,partial,origination_sys_b
LN-73267596,BR-208325,fha,2020-08-30,2035-06-13,166452.23,129212.28,45.0,180,VT,cash_out_refinance,B,19,120k+,current,0,Coastal Trust Servicing,2024-04-08,2026-01-14,complete,origination_sys_b
LN-11572544,BR-114635,fha,2022-07-13,2032-05-21,116831.62,62166.58,4.859,120,NM,purchase,C,12,120k+,closed,0,Meridian Loan Servicing,2025-03-03,2025-09-13,partial,origination_sys_b
LN-87951724,BR-436014,fha,2021-10-31,2051-05-27,513384.94,130059.28,8.081,360,AL,purchase,C,15,120k+,delinquent_30,30,Highline Capital Servicing,2024-01-17,2026-01-05,missing,origination_sys_b
LN-91797737,BR-630342,jumbo,2021-02-25,2050-09-21,255452.17,28254.61,3.673,360,MS,cash_out_refinance,A,22,40k-75k,current,0,Highline Capital Servicing,2024-07-18,2025-12-15,partial,manual_spreadsheet
LN-07379098,BR-146558,va,2019-10-29,2039-07-16,221026.44,101320.61,7.17,240,QQ,cash_out_refinance,A,3,75k-120k,current,0,Meridian Loan Servicing,2022-11-03,2026-06-30,missing,origination_sys_a
LN-74424111,BR-451522,fha,2024-03-19,2053-10-13,478435.13,451902.43,7.546,360,IL,refinance,D,14,<40k,current,0,Coastal Trust Servicing,2024-09-05,2025-07-06,complete,origination_sys_b
LN-70296702,BR-735924,va,2019-06-25,2049-01-18,151068.5,135263.25,6.522,360,MI,refinance,C,10,40k-75k,current,0,Highline Capital Servicing,2023-12-13,2026-05-11,partial,manual_spreadsheet
LN-89015972,BR-468560,va,2019-04-28,2039-01-13,577654.14,152887.91,3.583,240,MS,purchase,C,21,120k+,current,0,Meridian Loan Servicing,2026-02-15,2026-06-07,partial,origination_sys_b
LN-72115585,BR-173658,fha,2023-02-22,2032-12-31,278550.36,42277.81,7.982,120,DE,refinance,B,7,40k-75k,delinquent_90,119,Meridian Loan Servicing,2023-08-24,2025-07-22,complete,origination_sys_b
LN-24811570,BR-689766,jumbo,2023-01-05,2021-12-01,171334.11,27478.18,8.051,120,WV,cash_out_refinance,D,20,120k+,delinquent_90,89,Meridian Loan Servicing,2024-04-06,2026-06-04,partial,origination_sys_a
LN-38950058,BR-933675,fha,2020-08-18,2030-06-27,143488.04,94816.58,4.033,120,AL,cash_out_refinance,D,10,40k-75k,current,0,Highline Capital Servicing,2023-01-31,2026-03-21,partial,manual_spreadsheet
LN-53919748,BR-473938,fha,2021-07-22,2036-05-04,422835.29,349266.14,7.74,180,IA,cash_out_refinance,A,29,40k-75k,current,0,Highline Capital Servicing,2025-08-19,2025-06-18,partial,origination_sys_b
LN-30729750,BR-378093,fha,2023-07-28,2038-05-10,644906.03,312294.8,6.386,180,NH,cash_out_refinance,D,9,40k-75k,current,0,Meridian Loan Servicing,2024-10-16,2026-06-23,missing,origination_sys_a
LN-94890910,BR-965964,conventional,2023-02-14,2032-12-23,286468.69,63676.23,4.094,120,MT,refinance,C,22,40k-75k,current,0,Coastal Trust Servicing,2025-03-23,2025-12-10,missing,manual_spreadsheet
LN-31046505,BR-527714,jumbo,2022-09-10,2032-07-19,523306.56,112426.44,4.992,120,FL,purchase,C,2,40k-75k,current,0,Highline Capital Servicing,2022-10-20,2026-01-14,partial,manual_spreadsheet
LN-72618604,BR-305602,conventional,2023-08-02,2053-02-25,116441.05,27762.77,3.923,360,DE,cash_out_refinance,C,11,40k-75k,current,0,Highline Capital Servicing,2023-08-02,2025-08-03,complete,origination_sys_b
LN-65660018,BR-215527,jumbo,2019-04-05,2038-12-21,455719.82,260588.68,3.872,240,KY,refinance,D,20,40k-75k,current,0,Highline Capital Servicing,2024-05-16,2025-11-28,complete,origination_sys_b
LN-61368641,BR-940601,conventional,2022-10-17,2052-05-12,615913.62,510125.92,0.01,360,NE,purchase,C,20,<40k,current,0,Highline Capital Servicing,2024-08-30,2026-04-21,partial,origination_sys_a
LN-91738457,BR-856819,jumbo,2023-11-15,2038-08-28,235978.67,204533.37,4.403,180,WV,cash_out_refinance,D,15,40k-75k,closed,0,Highline Capital Servicing,2023-11-24,2026-07-06,missing,manual_spreadsheet
LN-72671975,BR-249883,conventional,2022-12-31,2021-11-26,454810.87,376915.58,8.237,180,NE,refinance,A,20,<40k,current,0,Meridian Loan Servicing,2024-05-05,2025-12-07,complete,origination_sys_a
LN-69146651,BR-018045,va,2022-03-24,2032-01-31,128213.52,90650.39,4.721,120,WV,cash_out_refinance,A,19,120k+,delinquent_90,75,Meridian Loan Servicing,2026-01-03,2026-01-04,missing,origination_sys_a
LN-19368882,BR-420639,conventional,2019-12-25,2029-11-02,289219.03,241983.49,8.177,120,ZZ,refinance,A,11,<40k,current,0,Coastal Trust Servicing,2025-02-21,2025-12-12,partial,origination_sys_b
LN-40511416,BR-232418,conventional,2020-12-25,2030-11-03,82938.01,16034.67,8.447,120,TX,refinance,B,4,75k-120k,current,0,Coastal Trust Servicing,2023-06-01,2026-01-07,complete,origination_sys_b
LN-11462457,BR-737859,jumbo,2023-12-15,2038-09-27,143079.42,101276.65,4.157,180,CT,purchase,B,4,75k-120k,current,0,Coastal Trust Servicing,2023-12-28,2025-06-17,missing,origination_sys_a
LN-04671212,BR-764471,fha,2019-04-17,2039-01-02,324909.08,143764.54,4.443,240,PA,cash_out_refinance,B,7,<40k,current,0,Meridian Loan Servicing,2023-10-16,2026-02-04,complete,origination_sys_b
LN-36234563,BR-223430,conventional,2020-01-29,2034-11-11,322992.7,137595.78,3.503,180,TX,cash_out_refinance,C,6,75k-120k,current,0,Highline Capital Servicing,2023-03-21,2026-02-24,missing,origination_sys_a
LN-67138756,BR-225016,conventional,2021-06-01,2036-03-14,223789.94,119147.24,3.705,180,TN,purchase,B,22,120k+,current,0,Meridian Loan Servicing,2021-11-01,2025-06-07,missing,manual_spreadsheet
LN-15288998,BR-479049,conventional,2020-12-03,2040-08-20,493449.88,53688.37,4.335,240,LA,cash_out_refinance,B,9,<40k,current,0,Coastal Trust Servicing,2021-08-09,2025-08-05,missing,origination_sys_a
LN-55362055,BR-095572,fha,2023-02-25,2052-09-20,362164.76,180140.98,4.982,360,LA,cash_out_refinance,A,5,40k-75k,current,0,Meridian Loan Servicing,2026-02-21,2026-06-20,complete,origination_sys_b
LN-99216693,BR-982182,conventional,2019-03-22,2034-01-02,616966.22,440456.49,6.63,180,AL,refinance,B,23,75k-120k,current,0,Meridian Loan Servicing,2022-02-02,2026-04-25,complete,manual_spreadsheet
LN-62432683,BR-474144,jumbo,2022-09-08,2032-07-17,491883.25,179587.52,4.425,120,ID,purchase,D,30,40k-75k,delinquent_90,115,Coastal Trust Servicing,2024-04-07,2026-04-21,complete,origination_sys_b
LN-46471700,BR-310891,conventional,2019-11-30,2034-09-12,545974.54,199683.74,4.838,180,SD,cash_out_refinance,A,25,<40k,current,0,Meridian Loan Servicing,2025-12-29,2025-10-04,missing,origination_sys_b
LN-31066181,BR-258190,jumbo,2023-10-13,2033-08-21,195323.34,105794.62,5.427,120,MN,cash_out_refinance,C,7,120k+,current,0,Coastal Trust Servicing,2024-05-30,2025-11-05,partial,origination_sys_a
LN-99861556,BR-163831,jumbo,2019-08-14,2034-05-27,137989.67,18977.48,6.809,180,KY,cash_out_refinance,A,25,<40k,current,0,Meridian Loan Servicing,2021-04-05,2025-12-02,partial,origination_sys_a
LN-92091334,BR-647386,fha,31/02/2021,2050-10-04,491165.77,138649.13,5.416,360,OK,refinance,D,17,40k-75k,current,0,Highline Capital Servicing,2021-08-28,2026-01-05,missing,manual_spreadsheet
LN-41193871,BR-485942,fha,2021-05-13,2036-02-24,480763.19,360613.69,3.779,180,FL,purchase,B,12,<40k,current,0,Coastal Trust Servicing,2023-09-29,2026-03-13,partial,origination_sys_a
LN-30058117,BR-762437,conventional,2022-12-07,2032-10-15,457765.97,406173.57,4.934,120,GA,purchase,A,19,40k-75k,delinquent_60,50,Coastal Trust Servicing,2023-10-31,2025-08-15,complete,origination_sys_b
LN-32920397,BR-403896,conventional,2023-09-02,2053-03-28,467545.02,96043.08,7.583,360,NJ,refinance,C,20,120k+,current,0,Highline Capital Servicing,2024-08-04,2026-02-12,complete,origination_sys_b
LN-21120912,BR-920509,jumbo,2022-08-17,2052-03-12,190996.44,163848.06,3.728,360,MA,purchase,C,0,75k-120k,current,0,Highline Capital Servicing,2024-11-09,2025-06-15,missing,origination_sys_a
LN-55707480,BR-160692,fha,2020-10-06,2050-05-02,493642.23,60336.34,7.537,360,TN,purchase,B,30,75k-120k,delinquent_30,31,Highline Capital Servicing,2022-03-27,2026-06-15,partial,origination_sys_b
LN-01648185,BR-970039,fha,2021-01-07,2050-08-03,102807.35,35381.34,3.841,360,OR,refinance,C,2,<40k,current,0,Meridian Loan Servicing,2025-01-01,2026-04-07,partial,origination_sys_b
LN-32466456,BR-304489,conventional,2021-08-27,2041-05-14,514993.43,295740.86,6.603,240,TN,purchase,B,22,<40k,delinquent_90,106,Meridian Loan Servicing,2026-06-09,2025-06-21,complete,origination_sys_b
LN-34581119,BR-344036,fha,2021-02-08,2035-11-22,404976.22,90813.97,7.011,180,NM,purchase,C,14,<40k,current,0,Coastal Trust Servicing,2021-12-23,2025-07-18,partial,origination_sys_a
LN-44089626,BR-004278,fha,2022-08-04,2037-05-17,262506.37,242391.88,6.848,180,ZZ,purchase,A,2,120k+,current,0,Highline Capital Servicing,2024-04-03,2026-07-10,complete,origination_sys_a
LN-58581751,BR-687870,jumbo,2020-12-16,2050-07-12,354526.4,175426.63,8.169,360,NY,refinance,A,25,120k+,delinquent_30,41,Highline Capital Servicing,2020-12-31,2026-05-21,partial,origination_sys_a
LN-51339950,BR-808586,jumbo,2022-07-23,2052-02-16,444182.35,203604.1,5.57,360,MN,refinance,D,16,75k-120k,current,0,Meridian Loan Servicing,2023-07-18,2026-05-23,partial,origination_sys_b
LN-66799008,BR-009176,conventional,2021-02-03,2035-11-17,395069.54,320694.31,6.668,180,NC,cash_out_refinance,A,21,75k-120k,current,0,Highline Capital Servicing,2022-04-12,2026-05-19,complete,origination_sys_b
LN-96739752,BR-639960,jumbo,2022-02-03,2051-08-30,145265.63,32264.77,3.663,360,AK,purchase,C,26,75k-120k,closed,0,Highline Capital Servicing,2023-01-18,2025-12-29,missing,origination_sys_b
LN-16919540,BR-856786,va,2020-05-10,2049-12-04,189816.43,76350.01,7.687,360,HI,refinance,B,2,<40k,delinquent_60,74,Meridian Loan Servicing,2025-04-05,2026-01-06,complete,manual_spreadsheet
LN-71463282,BR-527776,va,2023-04-27,2038-02-07,95856.45,33411.77,3.915,180,GA,cash_out_refinance,A,20,<40k,delinquent_90,99,Meridian Loan Servicing,2025-11-22,2025-06-13,missing,origination_sys_a
LN-34009063,BR-398101,conventional,2019-08-08,2034-05-21,241003.93,45690.95,4.086,180,MI,refinance,D,19,<40k,current,0,Meridian Loan Servicing,2025-06-14,2025-09-15,missing,origination_sys_b
LN-81232792,BR-493527,jumbo,2024-03-12,2034-01-19,189921.8,175654.5,5.68,120,MT,purchase,C,5,40k-75k,current,0,Coastal Trust Servicing,2026-07-26,2025-09-19,missing,origination_sys_b
LN-48478664,BR-536010,va,2024-05-23,2053-12-17,138649.92,38242.39,6.434,360,ME,cash_out_refinance,C,12,<40k,current,0,Meridian Loan Servicing,2024-11-23,2026-06-05,partial,origination_sys_b
LN-06725320,BR-222579,conventional,2023-06-08,2038-03-21,283914.37,252188.56,6.37,180,TN,refinance,D,10,75k-120k,current,0,Meridian Loan Servicing,2024-07-15,2025-08-02,complete,origination_sys_b
LN-35268992,BR-848906,conventional,2021-10-18,2031-08-27,644448.04,381479.95,5.849,120,NE,cash_out_refinance,C,8,75k-120k,current,0,Highline Capital Servicing,2024-01-15,2026-03-30,complete,manual_spreadsheet
LN-89128198,BR-720788,conventional,2023-05-06,2043-01-21,361476.6,328939.42,8.171,240,AR,refinance,A,3,<40k,current,0,Highline Capital Servicing,2023-10-06,2025-08-02,partial,origination_sys_b
LN-87894415,BR-569372,va,2022-11-09,2052-06-04,233849.87,188298.76,7.331,360,VA,purchase,C,17,40k-75k,current,0,Coastal Trust Servicing,2026-06-26,2025-11-11,missing,origination_sys_a
LN-34387539,BR-768119,jumbo,2022-11-24,2032-10-02,122832.31,65050.16,8.375,120,SC,cash_out_refinance,B,24,120k+,current,0,Meridian Loan Servicing,2023-04-13,2026-07-25,partial,origination_sys_b
LN-10424531,BR-532343,jumbo,2019-12-03,2039-08-20,622351.92,285873.66,4.863,240,CT,purchase,D,23,120k+,current,0,Meridian Loan Servicing,2023-03-21,2026-06-17,complete,origination_sys_b
LN-92002012,BR-673178,va,2019-12-28,2039-09-14,381850.77,202543.66,5.976,240,HI,purchase,C,20,75k-120k,current,0,Coastal Trust Servicing,2023-03-21,2025-10-06,missing,origination_sys_a
LN-16134964,BR-098170,va,2019-07-13,2034-04-25,366846.89,130083.71,8.348,180,PA,purchase,D,27,40k-75k,current,0,Highline Capital Servicing,2020-10-03,2025-10-01,complete,origination_sys_a
LN-37479243,BR-037878,jumbo,2022-03-07,2041-11-22,556154.65,280035.65,4.064,240,UT,cash_out_refinance,A,4,120k+,current,0,Meridian Loan Servicing,2025-11-16,2025-07-22,complete,origination_sys_b
LN-93126599,BR-819335,va,2021-10-16,2031-08-25,-21312.58,70203.26,5.047,120,AZ,cash_out_refinance,C,26,<40k,closed,0,Highline Capital Servicing,2026-04-01,2025-09-08,partial,manual_spreadsheet
LN-19663270,BR-025034,conventional,2024-06-05,2044-02-21,244392.86,30781.43,3.75,240,FL,refinance,C,25,40k-75k,current,0,Meridian Loan Servicing,2026-06-05,2026-05-15,partial,origination_sys_a
,BR-563561,fha,2023-02-10,2037-11-23,326268.95,55295.78,5.582,180,IL,refinance,C,2,75k-120k,current,0,Coastal Trust Servicing,2025-09-11,2025-10-06,missing,origination_sys_a
LN-33494907,BR-019753,va,2021-02-08,2050-09-04,134744.11,67697.37,3.768,360,MT,purchase,D,21,<40k,current,0,Highline Capital Servicing,2025-08-19,2026-05-31,missing,origination_sys_b
LN-85681557,BR-755918,fha,2023-09-15,2033-07-24,128255.68,92389.16,5.004,120,MD,cash_out_refinance,A,25,120k+,closed,0,Coastal Trust Servicing,2024-10-30,2025-07-20,complete,origination_sys_a
LN-84014988,BR-586864,conventional,2019-01-01,2033-10-14,424160.68,359315.31,4.424,180,WV,cash_out_refinance,B,5,40k-75k,current,0,Highline Capital Servicing,2024-05-21,2025-06-13,partial,origination_sys_b
LN-14404503,BR-686099,jumbo,2022-09-29,2032-08-07,626682.11,332755.97,7.912,120,NJ,refinance,A,5,75k-120k,current,0,Coastal Trust Servicing,2025-07-25,2026-07-15,complete,origination_sys_b
LN-48176908,BR-496175,va,2024-01-23,2053-08-18,372435.74,298573.41,4.147,360,MA,cash_out_refinance,C,18,120k+,current,0,Meridian Loan Servicing,2024-03-09,2025-11-21,complete,manual_spreadsheet
LN-87281874,BR-061807,conventional,2019-11-22,2034-09-04,135028.05,116085.32,8.118,180,MA,purchase,D,12,40k-75k,delinquent_90,89,Coastal Trust Servicing,2026-04-29,2026-07-01,missing,origination_sys_a
LN-57009001,BR-075836,jumbo,2020-02-05,2039-10-23,359928.72,134245.61,4.451,240,IN,cash_out_refinance,D,16,75k-120k,current,0,Highline Capital Servicing,2026-05-12,2026-07-22,complete,origination_sys_a
LN-14050828,BR-338125,fha,2021-06-17,2051-01-11,436518.3,90411.51,7.766,360,SC,cash_out_refinance,C,12,<40k,current,0,Coastal Trust Servicing,2025-05-15,2025-10-31,complete,manual_spreadsheet
LN-28379048,BR-568830,jumbo,2021-08-22,2041-05-09,452342.24,417315.79,6.491,240,SC,purchase,D,30,40k-75k,current,0,Highline Capital Servicing,2025-09-11,2025-08-11,complete,origination_sys_a
LN-90716360,BR-433175,conventional,2019-03-14,2048-10-07,369334.43,146704.65,5.69,360,SC,refinance,C,6,75k-120k,current,0,Highline Capital Servicing,2019-11-06,2025-06-11,complete,origination_sys_a
LN-90780110,BR-362264,conventional,2019-07-08,2029-05-16,209461.76,65906.23,6.783,120,CA,refinance,B,15,75k-120k,delinquent_60,62,Meridian Loan Servicing,2024-06-27,2025-06-24,missing,origination_sys_b
LN-65097622,BR-192723,fha,2024-04-12,2043-12-29,524718.79,367942.84,3.679,240,KS,cash_out_refinance,D,20,120k+,current,0,Meridian Loan Servicing,2024-05-03,2025-11-11,partial,origination_sys_a
LN-48663708,BR-353068,va,2020-07-07,2040-03-24,415296.89,288485.6,7.551,240,PA,purchase,A,10,120k+,closed,0,Highline Capital Servicing,2021-02-25,2025-12-14,complete,manual_spreadsheet
LN-51379107,BR-902533,va,2021-03-05,2040-11-20,569353.03,86951.79,5.308,240,TX,refinance,A,3,75k-120k,current,0,Coastal Trust Servicing,2024-11-17,2026-06-29,partial,origination_sys_b
LN-82092630,BR-172816,fha,2023-10-02,2038-07-15,332970.95,311435.49,7.856,180,TN,purchase,B,3,<40k,current,0,Meridian Loan Servicing,2026-03-21,2026-04-23,missing,origination_sys_b
LN-50215102,BR-586042,conventional,2019-03-27,2034-01-07,114663.33,39287.43,5.133,180,MS,refinance,D,28,75k-120k,current,0,Highline Capital Servicing,2022-07-13,2025-11-28,missing,origination_sys_a
LN-85755328,BR-073900,fha,2019-11-25,2039-08-12,105428.03,16788.12,6.327,240,OR,cash_out_refinance,D,17,<40k,delinquent_90,113,Coastal Trust Servicing,2020-06-22,2025-09-17,,origination_sys_b
LN-79239649,BR-405034,fha,2022-09-12,2052-04-07,260655.43,204413.79,5.745,360,NE,purchase,B,29,40k-75k,current,0,Highline Capital Servicing,2026-06-23,2025-10-03,missing,manual_spreadsheet
LN-56788012,BR-597104,fha,2019-10-10,2039-06-27,533637.89,352021.69,8.45,240,FL,cash_out_refinance,D,28,120k+,current,0,Highline Capital Servicing,2021-03-15,2025-08-15,partial,manual_spreadsheet
LN-69073444,BR-824117,conventional,2022-02-14,2036-11-27,485830.6,412385.06,4.261,180,AL,cash_out_refinance,C,21,120k+,delinquent_60,55,Highline Capital Servicing,2023-12-02,2026-04-08,partial,origination_sys_a
LN-85843311,BR-879255,va,2021-11-07,2041-07-25,618517.82,536648.44,3.997,240,ME,purchase,A,9,75k-120k,current,0,Highline Capital Servicing,2024-04-23,2026-02-21,complete,origination_sys_a
LN-28709957,BR-080295,jumbo,2020-08-13,2040-04-30,643619.18,199233.29,6.104,240,NJ,refinance,A,22,<40k,delinquent_90,84,Highline Capital Servicing,2025-06-18,2025-07-20,partial,origination_sys_b
LN-77352657,BR-739497,va,2019-06-27,2034-04-09,646054.03,211977.64,4.452,180,OK,cash_out_refinance,A,30,<40k,current,0,Meridian Loan Servicing,2021-01-07,2026-06-17,missing,origination_sys_b
LN-16057244,BR-670666,fha,2023-11-22,2038-09-04,463808.15,336032.19,6.689,180,NM,cash_out_refinance,B,28,75k-120k,current,0,Meridian Loan Servicing,2026-05-06,2025-10-23,partial,manual_spreadsheet
LN-18729361,BR-431677,jumbo,2021-09-20,2051-04-16,534145.32,329365.46,7.701,360,NY,cash_out_refinance,D,21,40k-75k,current,0,Meridian Loan Servicing,2023-05-08,2025-09-21,partial,manual_spreadsheet
LN-43927383,BR-451269,va,2020-03-16,2049-10-10,114657.86,33706.1,4.146,360,OH,purchase,A,25,120k+,current,0,Meridian Loan Servicing,2023-12-11,2026-07-20,partial,manual_spreadsheet
LN-82893279,BR-009134,fha,2019-05-10,2029-03-18,375629.93,241235.89,4.915,120,AK,purchase,B,1,75k-120k,current,0,Coastal Trust Servicing,2020-09-27,2025-12-20,partial,manual_spreadsheet
LN-77075905,BR-388747,va,2021-03-31,2036-01-12,546428.66,10704.42,4.87,180,IL,purchase,C,20,120k+,closed,47,Highline Capital Servicing,2022-11-17,2026-06-05,partial,origination_sys_a
LN-04335129,BR-323563,conventional,2020-03-31,2049-10-25,399767.87,215536.01,3.977,360,HI,purchase,D,18,40k-75k,delinquent_90,90,Meridian Loan Servicing,2021-10-30,2025-12-13,partial,manual_spreadsheet
LN-47806582,BR-254492,jumbo,2023-09-13,2053-04-08,378341.23,89401.08,7.044,360,NC,cash_out_refinance,A,29,<40k,delinquent_30,30,Highline Capital Servicing,2024-02-18,2025-10-08,partial,origination_sys_a
LN-84651840,BR-197823,va,2023-03-31,2033-02-06,172393.08,54144.11,6.319,120,HI,purchase,C,16,40k-75k,current,0,Coastal Trust Servicing,2025-04-29,2025-06-20,missing,manual_spreadsheet
LN-58041093,BR-165304,fha,2020-05-29,2049-12-23,343841.69,53029.97,3.834,360,SD,cash_out_refinance,B,11,<40k,delinquent_90,83,Meridian Loan Servicing,2023-06-27,2025-08-24,partial,origination_sys_b
LN-25121515,BR-635869,jumbo,2022-04-11,2041-12-27,289346.64,86242.51,4.547,240,AL,purchase,B,2,40k-75k,delinquent_90,116,Meridian Loan Servicing,2023-03-14,2026-05-04,partial,origination_sys_a
LN-35153343,BR-558899,va,2020-10-24,2030-09-02,590693.4,534955.09,7.057,120,NV,cash_out_refinance,D,15,75k-120k,current,0,Coastal Trust Servicing,2022-02-28,2026-01-28,missing,origination_sys_b
LN-46891399,BR-131539,va,2022-08-28,2042-05-15,181467.07,38794.45,6.014,240,AL,cash_out_refinance,C,1,75k-120k,delinquent_60,66,Coastal Trust Servicing,2025-05-04,2026-06-08,partial,origination_sys_a
LN-96448780,BR-081781,jumbo,2022-11-25,2042-08-12,236279.08,212971.81,7.67,240,DE,purchase,D,20,<40k,current,0,Highline Capital Servicing,2023-06-12,2026-01-28,missing,origination_sys_b
LN-19730646,BR-017121,conventional,2023-10-13,2038-07-26,453409.98,146525.97,4.878,180,IL,cash_out_refinance,D,5,<40k,current,0,Highline Capital Servicing,2025-04-25,2026-05-30,missing,origination_sys_b
LN-91036010,BR-648936,fha,2019-08-30,2039-05-17,345763.8,82744.81,7.237,240,WV,purchase,C,1,120k+,current,0,Coastal Trust Servicing,2022-11-17,2025-07-30,complete,origination_sys_b
LN-62453646,BR-808352,jumbo,2019-10-15,2039-07-02,315970.18,75837.91,5.235,240,UT,refinance,B,10,75k-120k,current,0,Meridian Loan Servicing,2025-07-17,2025-10-11,complete,origination_sys_b
,BR-914391,va,2020-03-22,2049-10-16,228682.17,38045.52,5.031,360,NJ,cash_out_refinance,B,24,<40k,current,0,Highline Capital Servicing,2025-05-04,2025-08-11,missing,manual_spreadsheet
LN-44092991,BR-425511,va,2022-11-23,2052-06-18,496644.27,271894.73,7.933,360,VT,cash_out_refinance,B,30,40k-75k,current,0,Meridian Loan Servicing,2024-10-05,2025-11-20,complete,origination_sys_a
LN-83022026,BR-834346,fha,2020-09-25,2035-07-09,536849.09,300685.69,8.064,180,TX,refinance,D,22,40k-75k,current,0,Meridian Loan Servicing,2025-01-29,2025-09-11,complete,origination_sys_b
LN-30475267,BR-338679,fha,2023-04-12,2038-01-23,307933.63,206917.52,4.19,180,IL,purchase,B,9,120k+,current,0,Meridian Loan Servicing,2025-03-07,2026-04-02,partial,manual_spreadsheet
LN-13518376,BR-481156,conventional,2020-01-04,2049-07-30,165926.11,113754.25,5.931,360,TX,refinance,D,24,<40k,current,0,Highline Capital Servicing,2024-10-09,2026-01-02,partial,manual_spreadsheet
LN-35379536,BR-139518,jumbo,2022-07-22,2032-05-30,424072.55,113627.85,5.674,120,NJ,refinance,A,3,120k+,current,0,Highline Capital Servicing,2024-08-11,2026-05-31,complete,manual_spreadsheet
LN-13036530,BR-720076,jumbo,2022-11-06,2042-07-24,223826.28,148432.08,7.964,240,MN,refinance,B,29,120k+,current,0,Meridian Loan Servicing,2023-04-11,2025-10-15,partial,origination_sys_b
LN-09740926,BR-884112,va,2019-03-20,2033-12-31,427331.49,143054.06,6.578,180,OH,purchase,A,11,120k+,delinquent_30,31,Meridian Loan Servicing,2024-02-11,2026-06-07,partial,manual_spreadsheet
LN-24041259,BR-320302,jumbo,2022-11-11,2037-08-24,237806.67,90194.44,6.44,180,SD,cash_out_refinance,C,17,120k+,current,0,Highline Capital Servicing,2025-12-27,2025-10-24,complete,origination_sys_b
LN-66208965,BR-329323,jumbo,2020-11-28,2040-08-15,277428.8,158765.4,3.648,240,SC,cash_out_refinance,B,19,75k-120k,current,0,Coastal Trust Servicing,2025-09-30,2026-02-28,partial,origination_sys_a
LN-68029511,BR-774474,va,2023-03-19,2042-12-04,397170.51,18006.48,5.097,240,MS,cash_out_refinance,A,21,75k-120k,closed,0,Coastal Trust Servicing,2026-03-19,2025-12-11,missing,origination_sys_b
LN-25341936,BR-946616,conventional,2020-04-06,2049-10-31,362054.93,201184.2,6.498,360,WA,refinance,A,10,40k-75k,delinquent_60,50,Meridian Loan Servicing,2025-07-21,2025-12-22,missing,origination_sys_a
,BR-282426,fha,2024-05-03,2044-01-19,92950.12,40791.98,7.484,240,NJ,cash_out_refinance,A,25,75k-120k,delinquent_30,36,Meridian Loan Servicing,2025-01-08,2025-09-07,partial,manual_spreadsheet
LN-04271765,BR-047238,conventional,2024-05-25,2034-04-03,83923.49,77421.59,5.317,120,VA,cash_out_refinance,D,13,<40k,current,0,Meridian Loan Servicing,2024-10-21,2025-12-15,partial,manual_spreadsheet
LN-42364777,BR-363422,conventional,2023-03-24,2033-01-30,491536.7,313848.72,7.307,120,GA,cash_out_refinance,C,0,40k-75k,current,0,Highline Capital Servicing,2026-05-21,2026-07-13,partial,manual_spreadsheet
LN-27612360,BR-235277,jumbo,2020-08-19,2040-05-06,618531.39,504377.04,5.885,240,HI,refinance,B,18,75k-120k,current,0,Coastal Trust Servicing,2024-10-30,2026-05-11,partial,origination_sys_b
LN-33227763,BR-499887,fha,2022-08-20,2037-06-02,576345.89,311373.97,7.207,180,MS,cash_out_refinance,A,12,<40k,current,0,Highline Capital Servicing,2025-06-24,2025-07-04,complete,origination_sys_b
LN-76626406,BR-501809,va,2022-02-07,2031-12-17,633149.22,571367.42,3.804,120,IA,purchase,D,14,<40k,current,0,Coastal Trust Servicing,2026-06-26,2026-07-14,complete,origination_sys_b
LN-24558187,BR-186407,va,2023-06-06,2033-04-14,191962.72,163370.75,5.963,120,ID,refinance,D,16,75k-120k,current,0,Coastal Trust Servicing,2025-02-08,2026-03-29,partial,manual_spreadsheet
LN-08541760,BR-836811,fha,2020-05-24,2040-02-09,236914.36,112042.8,4.566,240,NC,refinance,C,24,120k+,current,0,Meridian Loan Servicing,2023-10-05,2026-02-05,missing,origination_sys_a
LN-63545472,BR-298337,va,2022-03-15,2036-12-26,264546.29,208166.59,5.749,180,NV,cash_out_refinance,D,24,120k+,current,0,Meridian Loan Servicing,2026-06-23,2026-04-09,partial,origination_sys_a
LN-72723373,BR-512581,fha,2024-06-06,2053-12-31,281558.82,74735.53,4.302,360,WA,refinance,D,30,<40k,closed,0,Coastal Trust Servicing,2025-07-10,2026-07-25,missing,manual_spreadsheet
LN-23911737,BR-411210,fha,2021-09-24,2036-07-07,239681.29,104093.8,5.139,180,OH,cash_out_refinance,C,17,75k-120k,current,0,Coastal Trust Servicing,2021-11-07,2025-11-23,complete,origination_sys_a
LN-32319269,BR-164878,conventional,2023-11-19,2043-08-06,-23963.0,402235.16,8.065,240,NC,refinance,A,18,120k+,delinquent_30,41,Meridian Loan Servicing,2026-07-28,2025-09-03,missing,origination_sys_b
LN-75780969,BR-774248,fha,2023-06-07,2052-12-31,241108.46,160653.05,6.752,360,CA,purchase,C,14,120k+,current,0,Meridian Loan Servicing,2025-09-06,2026-03-13,missing,origination_sys_b
LN-63467538,BR-817210,conventional,2019-01-14,2048-08-09,90756.84,68844.01,7.397,360,OH,refinance,A,10,75k-120k,current,0,Meridian Loan Servicing,2026-06-01,2024-11-29,complete,origination_sys_a
LN-18483477,BR-343238,conventional,2020-09-12,2035-06-26,321841.67,231592.04,8.346,180,NC,cash_out_refinance,A,5,40k-75k,delinquent_90,97,Meridian Loan Servicing,2026-03-08,2025-06-14,missing,manual_spreadsheet
LN-59034913,BR-309627,jumbo,2021-01-03,2040-09-20,316622.88,244186.42,7.88,240,AK,refinance,C,1,40k-75k,current,0,Meridian Loan Servicing,2022-01-01,2024-05-27,missing,origination_sys_a
LN-63411997,BR-818114,va,2019-09-20,2034-07-03,159925.61,88064.51,5.518,180,MS,refinance,C,0,<40k,current,0,Highline Capital Servicing,2020-01-14,2026-06-14,partial,origination_sys_a
LN-10809149,BR-851663,jumbo,2023-02-14,2037-11-27,600738.85,546957.99,7.998,180,KY,purchase,C,21,75k-120k,current,0,Coastal Trust Servicing,2023-08-30,2025-08-26,partial,origination_sys_b
LN-77262273,BR-745592,fha,31/02/2021,2037-12-25,151724.8,77755.33,5.14,180,MS,cash_out_refinance,B,18,<40k,delinquent_30,32,Coastal Trust Servicing,2025-05-10,2025-07-13,missing,origination_sys_a
LN-30481894,BR-942476,va,2023-06-15,2038-03-28,638332.45,22416.48,5.186,180,ID,refinance,C,25,120k+,closed,0,Coastal Trust Servicing,2026-01-04,2025-08-22,missing,origination_sys_a
LN-12415283,BR-490853,fha,2022-09-30,2042-06-17,515063.51,374227.71,4.209,240,UT,purchase,A,6,75k-120k,delinquent_30,36,Coastal Trust Servicing,2026-02-11,2026-03-06,,manual_spreadsheet
LN-11668719,BR-682992,jumbo,2023-10-28,2033-09-05,536148.19,344068.96,7.969,120,NJ,refinance,B,23,75k-120k,current,0,Meridian Loan Servicing,2024-01-12,2025-08-21,partial,manual_spreadsheet
LN-18789276,BR-318092,jumbo,2022-02-12,2041-10-30,198990.24,64981.97,4.117,240,ZZ,cash_out_refinance,B,6,120k+,current,0,Meridian Loan Servicing,2025-11-19,2025-08-11,partial,origination_sys_b
LN-48561877,BR-890826,jumbo,2019-01-23,2028-12-01,376753.56,190032.68,6.425,120,VA,cash_out_refinance,D,24,75k-120k,delinquent_30,39,Meridian Loan Servicing,2024-12-03,2026-05-05,complete,origination_sys_a
LN-68272254,BR-890182,jumbo,2023-02-07,2042-10-25,217536.78,49496.01,4.607,240,NV,cash_out_refinance,C,3,120k+,current,0,Coastal Trust Servicing,2026-07-03,2025-06-30,missing,origination_sys_b
LN-17369437,BR-378559,jumbo,2022-05-27,2051-12-21,103997.7,89268.71,6.845,360,AK,purchase,B,0,75k-120k,delinquent_60,48,Meridian Loan Servicing,2024-01-15,2025-07-19,partial,origination_sys_a
LN-40492727,BR-534388,conventional,2023-02-02,2052-08-28,564175.15,414393.93,5.169,360,SC,cash_out_refinance,B,10,75k-120k,delinquent_30,35,Meridian Loan Servicing,2023-08-06,2025-10-20,missing,origination_sys_b
LN-34311013,BR-562516,conventional,2020-10-02,2050-04-28,444500.75,136426.26,4.493,360,CO,cash_out_refinance,D,27,75k-120k,current,0,Meridian Loan Servicing,2024-07-26,2025-11-27,missing,origination_sys_b
LN-50940562,BR-489226,fha,2021-03-23,2036-01-04,605117.25,521561.38,4.227,180,ME,purchase,A,27,120k+,current,102,Highline Capital Servicing,2023-07-19,2026-04-11,missing,manual_spreadsheet
LN-27384392,BR-506387,fha,2022-03-09,2036-12-20,315024.43,72229.1,3.983,180,NC,cash_out_refinance,D,17,75k-120k,current,0,Meridian Loan Servicing,2025-07-28,2026-06-18,complete,manual_spreadsheet
LN-49155038,BR-160759,conventional,2020-12-14,2035-09-27,345213.27,159447.01,7.068,180,NY,refinance,B,12,40k-75k,current,0,Coastal Trust Servicing,2026-01-08,2026-03-30,partial,manual_spreadsheet
LN-58907570,BR-041197,fha,2022-11-28,2042-08-15,268403.95,124974.58,7.679,240,AK,cash_out_refinance,D,23,<40k,delinquent_60,49,Highline Capital Servicing,2023-05-29,2026-05-15,complete,origination_sys_b
LN-31420223,BR-604028,conventional,2022-03-21,2051-10-15,538800.95,337237.08,8.41,360,AR,cash_out_refinance,C,3,40k-75k,current,0,Meridian Loan Servicing,2025-03-08,2025-07-20,complete,origination_sys_a
LN-16123895,BR-587811,jumbo,2020-10-31,2050-05-27,254570.42,68725.75,3.652,360,AZ,cash_out_refinance,A,25,75k-120k,current,0,Highline Capital Servicing,2022-01-15,2025-08-28,partial,manual_spreadsheet
LN-95341533,BR-137955,jumbo,2020-01-05,2034-10-18,593131.44,312578.26,7.555,180,TX,cash_out_refinance,A,27,<40k,current,0,Coastal Trust Servicing,2023-08-09,2026-01-19,missing,manual_spreadsheet
LN-94400156,BR-397765,conventional,2022-03-23,2051-10-17,511446.38,518263.74,4.44,360,CO,refinance,B,20,75k-120k,current,0,Coastal Trust Servicing,2022-06-29,2025-10-28,missing,origination_sys_a
LN-75136909,BR-870226,conventional,2019-04-07,2038-12-23,299393.79,194905.13,3.726,240,MO,purchase,A,29,75k-120k,current,0,Meridian Loan Servicing,2021-12-16,2026-01-09,missing,origination_sys_b
LN-26845862,BR-872644,va,2019-12-29,2049-07-24,551146.16,349417.73,7.713,360,IL,refinance,C,19,<40k,delinquent_60,49,Coastal Trust Servicing,2024-06-04,2026-04-03,complete,manual_spreadsheet
LN-41392693,BR-525118,fha,2023-04-21,2052-11-14,153466.3,55850.31,8.251,360,OK,refinance,B,4,<40k,current,0,Highline Capital Servicing,2025-12-26,2026-07-11,complete,origination_sys_a
LN-64150971,BR-235939,fha,2020-04-13,2030-02-20,554864.0,440114.47,5.251,120,IL,cash_out_refinance,A,12,120k+,delinquent_30,42,Meridian Loan Servicing,2023-07-22,2026-01-10,missing,origination_sys_a
LN-86215310,BR-507730,conventional,2020-04-06,2035-01-18,437511.77,290724.24,6.922,180,AL,refinance,A,18,<40k,delinquent_30,30,Highline Capital Servicing,2021-08-09,2025-07-06,complete,manual_spreadsheet
LN-63924296,BR-484822,fha,2019-03-14,2029-01-20,91282.21,22784.16,8.315,120,MO,refinance,B,11,<40k,current,0,Highline Capital Servicing,2022-07-24,2025-10-23,complete,origination_sys_a
,BR-615275,va,2021-07-30,2051-02-23,485090.92,237561.76,8.002,360,OK,refinance,C,20,75k-120k,current,0,Meridian Loan Servicing,2023-10-12,2025-11-28,complete,origination_sys_b
LN-25135146,BR-362751,jumbo,2019-08-11,2049-03-06,251182.56,60797.56,6.375,360,IL,purchase,D,10,120k+,delinquent_30,39,Meridian Loan Servicing,2021-01-26,2025-09-11,partial,origination_sys_b
LN-83921283,BR-958472,conventional,2022-06-04,2032-04-12,465427.96,130823.46,7.512,120,HI,purchase,B,13,<40k,current,0,Coastal Trust Servicing,2025-11-21,2025-11-17,partial,origination_sys_a
LN-90084475,BR-934540,jumbo,2022-02-24,2051-09-20,478921.69,340489.65,8.233,360,OR,refinance,C,2,75k-120k,delinquent_60,48,Meridian Loan Servicing,2023-02-21,2025-08-15,complete,manual_spreadsheet
LN-27739465,BR-932599,conventional,2020-09-06,2050-04-02,602555.48,515591.03,5.948,360,HI,purchase,B,22,75k-120k,delinquent_90,115,Highline Capital Servicing,2025-09-18,2025-11-12,partial,origination_sys_b
,BR-066388,jumbo,2019-03-24,2038-12-09,507498.65,154380.93,5.536,240,MI,purchase,C,23,75k-120k,current,0,Coastal Trust Servicing,2021-05-22,2025-06-17,partial,origination_sys_b
LN-80172105,BR-200773,conventional,2020-06-30,2030-05-09,600613.69,101527.92,4.281,120,SD,refinance,C,25,<40k,current,0,Coastal Trust Servicing,2021-11-11,2024-02-17,complete,manual_spreadsheet
LN-72003541,BR-961268,conventional,2019-10-12,2034-07-25,603261.24,97983.11,5.713,180,NC,purchase,A,5,40k-75k,current,0,Highline Capital Servicing,2021-05-23,2026-01-08,missing,manual_spreadsheet
LN-91656524,BR-875692,fha,2024-06-15,2039-03-29,478981.2,168870.63,3.823,180,ZZ,refinance,C,28,<40k,current,0,Coastal Trust Servicing,2026-07-28,2026-06-23,partial,origination_sys_a
LN-66028474,BR-473915,conventional,2022-10-12,2052-05-07,86839.4,27560.36,6.954,360,NE,refinance,D,10,120k+,current,0,Highline Capital Servicing,2025-05-20,2026-05-24,partial,origination_sys_a
LN-30761510,BR-313033,va,2019-10-18,2049-05-13,319170.38,296570.61,4.639,360,NY,cash_out_refinance,D,13,120k+,current,0,Meridian Loan Servicing,2025-04-05,2025-08-16,missing,origination_sys_a
LN-98403166,BR-411278,fha,2020-12-24,2030-11-02,118136.47,79766.91,5.348,120,00,purchase,A,14,75k-120k,current,0,Highline Capital Servicing,2022-05-12,2026-02-21,complete,origination_sys_b
LN-37699759,BR-768258,va,2022-11-10,2037-08-23,598783.29,109474.97,6.055,180,CT,refinance,B,19,75k-120k,current,0,Meridian Loan Servicing,2025-10-28,2026-03-12,partial,origination_sys_b
LN-37420365,BR-794382,fha,2022-05-19,2042-02-03,118147.5,73116.76,8.289,240,RI,cash_out_refinance,A,9,<40k,current,0,Coastal Trust Servicing,2023-06-22,2025-08-13,missing,manual_spreadsheet
LN-10670491,BR-655712,va,2020-08-01,2035-05-15,530704.3,313358.27,4.489,180,RI,refinance,C,5,40k-75k,delinquent_30,30,Highline Capital Servicing,2020-10-09,2025-09-13,complete,origination_sys_a
LN-66338025,BR-580710,conventional,2023-11-13,2043-07-31,394967.82,251397.53,4.2,240,CT,cash_out_refinance,B,30,40k-75k,current,0,Meridian Loan Servicing,2025-12-24,2025-06-14,partial,origination_sys_b
LN-63188419,BR-226508,fha,2020-11-23,2030-10-02,315205.82,98273.9,5.893,120,AZ,purchase,B,30,40k-75k,current,0,Meridian Loan Servicing,2026-07-05,2025-12-31,partial,origination_sys_b
LN-50525075,BR-381259,va,2021-03-04,2050-09-28,90975.77,27228.49,4.828,360,MS,cash_out_refinance,D,5,40k-75k,current,0,Coastal Trust Servicing,2022-08-10,2025-12-30,,origination_sys_a
LN-54108782,BR-578688,va,2020-10-31,2040-07-18,303800.49,120641.23,5.819,240,TN,cash_out_refinance,B,18,75k-120k,current,0,Meridian Loan Servicing,2026-07-25,2026-05-10,complete,origination_sys_b
LN-96145298,BR-268868,va,2019-01-26,2033-11-08,552864.7,567231.75,8.151,180,MD,refinance,D,23,40k-75k,current,0,Meridian Loan Servicing,2019-09-02,2026-01-21,partial,origination_sys_a
LN-20114999,BR-169789,fha,2022-08-15,2037-05-28,633435.91,202338.74,3.572,180,CO,cash_out_refinance,B,14,75k-120k,current,0,Highline Capital Servicing,2022-09-30,2025-06-12,missing,manual_spreadsheet
LN-48495007,BR-224802,fha,2021-09-09,2031-07-19,496917.39,407322.87,4.674,120,NH,purchase,A,27,120k+,current,0,Coastal Trust Servicing,2025-08-18,2025-06-20,partial,origination_sys_a
LN-39753645,BR-397168,jumbo,2023-01-05,2032-11-13,243314.75,212863.03,5.302,120,NV,purchase,C,28,40k-75k,current,0,Highline Capital Servicing,2025-01-08,2025-08-23,missing,origination_sys_b
LN-58171826,BR-041501,conventional,2021-07-12,2036-04-24,587152.32,386383.98,4.774,180,OK,cash_out_refinance,B,23,40k-75k,delinquent_90,113,Coastal Trust Servicing,2025-07-04,2025-11-22,partial,origination_sys_b
LN-35769261,BR-677897,jumbo,2019-08-28,2039-05-15,497157.18,135536.96,4.222,240,CA,cash_out_refinance,C,7,120k+,current,0,Highline Capital Servicing,2022-01-01,2026-07-25,missing,manual_spreadsheet
LN-04196053,BR-336965,jumbo,2019-07-17,2034-04-29,93398.2,86259.51,8.385,180,NY,refinance,C,0,75k-120k,current,0,Coastal Trust Servicing,2024-11-06,2025-07-07,partial,manual_spreadsheet
LN-04945077,BR-947290,va,2023-04-26,2033-03-04,320939.95,144725.94,6.263,120,VA,refinance,B,19,120k+,delinquent_60,60,Meridian Loan Servicing,2023-05-17,2025-12-12,missing,origination_sys_a
LN-39605649,BR-212311,conventional,2022-04-30,2032-03-08,613256.76,350926.69,4.496,120,NY,purchase,A,12,40k-75k,current,0,Highline Capital Servicing,2022-07-28,2026-03-17,partial,origination_sys_a
LN-11795436,BR-056614,va,2020-04-02,2039-12-19,573372.39,260291.37,5.681,240,VT,refinance,A,2,<40k,current,0,Highline Capital Servicing,2024-04-05,2025-07-30,partial,origination_sys_b
LN-64932071,BR-452117,conventional,2021-11-04,2036-08-17,596771.26,122813.72,5.359,180,NC,purchase,A,16,75k-120k,current,0,Coastal Trust Servicing,2024-10-25,2025-09-04,complete,origination_sys_b
LN-42156806,BR-817490,fha,2023-12-09,2038-09-21,262131.64,194731.11,4.735,180,WI,refinance,C,30,40k-75k,current,0,Highline Capital Servicing,2025-01-28,2026-01-30,complete,origination_sys_b
LN-68716786,BR-715274,conventional,2019-03-29,2038-12-14,524960.24,486367.55,5.587,240,OK,purchase,B,24,<40k,current,0,Highline Capital Servicing,2022-05-08,2026-01-17,partial,origination_sys_b
LN-47855657,BR-136956,conventional,2021-08-09,2041-04-26,252993.23,262833.78,4.758,240,LA,refinance,C,19,40k-75k,current,0,Highline Capital Servicing,2023-06-03,2026-02-17,complete,manual_spreadsheet
LN-56167861,BR-675245,conventional,2020-01-27,2039-10-14,634234.19,499098.19,7.123,240,ME,cash_out_refinance,B,6,75k-120k,current,0,Meridian Loan Servicing,2025-08-23,2025-10-14,partial,origination_sys_a
LN-01353082,BR-495854,va,2021-03-13,2050-10-07,488713.63,76917.99,3.755,360,NV,cash_out_refinance,D,19,<40k,current,0,Highline Capital Servicing,2023-08-25,2026-04-07,partial,origination_sys_b
LN-15107406,BR-019722,fha,2019-09-02,2034-06-15,183229.69,117792.01,6.592,180,OR,refinance,C,26,40k-75k,delinquent_30,30,Meridian Loan Servicing,2019-12-05,2025-10-21,missing,manual_spreadsheet
LN-07924082,BR-411212,va,2020-10-10,2035-07-24,177950.13,22877.31,5.676,180,RI,refinance,D,6,40k-75k,current,0,Meridian Loan Servicing,2021-09-10,2025-08-22,partial,manual_spreadsheet
LN-72648305,BR-342108,jumbo,2021-06-28,2051-01-22,165719.75,32331.82,4.342,360,MT,purchase,B,10,75k-120k,delinquent_60,57,Highline Capital Servicing,2023-01-10,2026-03-05,complete,manual_spreadsheet
LN-60705304,BR-444329,va,2020-08-18,2035-06-01,296283.11,60420.72,5.893,180,HI,purchase,B,27,<40k,closed,0,Highline Capital Servicing,2024-09-19,2025-10-03,complete,origination_sys_a
LN-11481410,BR-865788,fha,2019-07-04,2034-04-16,132654.76,47620.95,4.941,180,NM,refinance,B,7,<40k,current,0,Meridian Loan Servicing,2026-04-06,2026-01-18,missing,origination_sys_a
LN-31517312,BR-858314,fha,2019-05-18,2029-03-26,233355.15,66349.39,4.71,120,RI,refinance,C,14,40k-75k,current,0,Highline Capital Servicing,2021-05-04,2026-06-25,missing,origination_sys_a
LN-47635459,BR-936777,jumbo,2023-01-01,2037-10-14,172389.53,74970.63,4.334,180,NY,purchase,A,6,<40k,current,0,Coastal Trust Servicing,2025-01-22,2025-10-26,partial,origination_sys_a
LN-46187763,BR-202444,jumbo,2022-05-22,2051-12-16,298066.2,207278.14,5.358,360,IN,refinance,B,13,<40k,current,0,Meridian Loan Servicing,2023-03-16,2025-09-19,missing,origination_sys_a
LN-53549843,BR-191917,va,2020-08-28,2040-05-15,110278.02,61168.35,3.799,240,NC,purchase,C,0,120k+,current,0,Highline Capital Servicing,2024-05-27,2025-07-10,missing,origination_sys_b
LN-47077509,BR-936472,fha,2020-12-11,2040-08-28,242408.49,219796.89,7.311,240,IL,purchase,D,8,120k+,current,0,Meridian Loan Servicing,2021-05-31,2026-06-24,complete,origination_sys_b
LN-52900824,BR-049940,jumbo,2019-01-25,2033-11-07,190861.26,88960.31,7.558,180,MI,cash_out_refinance,C,27,120k+,current,0,Highline Capital Servicing,2025-07-15,2026-01-05,missing,manual_spreadsheet
LN-52582043,BR-547493,va,2023-12-27,2043-09-13,439968.98,295855.77,4.032,240,GA,cash_out_refinance,B,27,40k-75k,current,0,Meridian Loan Servicing,2025-04-15,2026-03-29,complete,origination_sys_a
LN-69679044,BR-493334,jumbo,2022-11-29,2042-08-16,315207.66,325888.62999999995,8.139,240,MT,cash_out_refinance,B,12,120k+,current,0,Meridian Loan Servicing,2024-07-07,2025-08-23,complete,manual_spreadsheet
LN-07148976,BR-104028,va,2023-07-06,2038-04-18,271583.43,119962.52,6.83,180,CO,purchase,B,28,75k-120k,current,0,Highline Capital Servicing,2024-01-26,2025-07-13,complete,manual_spreadsheet
LN-91565820,BR-626606,va,2019-06-18,2029-04-26,430187.11,108314.53,3.66,120,MI,cash_out_refinance,B,22,120k+,current,0,Highline Capital Servicing,2023-06-26,2026-07-27,missing,origination_sys_b
LN-24700819,BR-172332,jumbo,2020-08-24,2050-03-20,318242.67,50625.24,5.677,360,DE,cash_out_refinance,C,29,40k-75k,delinquent_30,43,Highline Capital Servicing,2021-01-09,2025-11-15,partial,origination_sys_a
LN-84978487,BR-769781,fha,2021-03-11,2035-12-23,276698.82,251360.03,8.271,180,NE,purchase,D,28,75k-120k,delinquent_60,53,Meridian Loan Servicing,2021-06-05,2025-09-04,complete,origination_sys_a
LN-33631792,BR-168723,fha,2021-11-16,2051-06-12,625525.69,26936.84,5.675,360,WA,purchase,D,30,75k-120k,closed,36,Coastal Trust Servicing,2026-02-10,2026-04-20,partial,origination_sys_a
LN-96235436,BR-029225,conventional,2020-08-05,2040-04-22,90211.49,40511.98,4.609,240,NH,purchase,D,0,120k+,closed,0,Meridian Loan Servicing,2021-06-12,2026-01-24,partial,manual_spreadsheet
LN-60926212,BR-953526,conventional,2023-07-26,2053-02-18,89315.74,18911.35,5.144,360,KS,refinance,A,3,40k-75k,delinquent_30,42,Coastal Trust Servicing,2025-01-04,2026-06-29,complete,manual_spreadsheet
LN-93550988,BR-027799,conventional,2020-08-21,2040-05-08,316878.12,57018.62,7.325,240,MI,purchase,D,16,<40k,current,0,Highline Capital Servicing,2023-10-04,2026-06-27,complete,origination_sys_b
LN-87001185,BR-496087,jumbo,2023-06-04,2033-04-12,281346.89,174519.88,4.018,120,NC,refinance,B,5,40k-75k,current,0,Coastal Trust Servicing,2026-02-18,2026-04-14,missing,manual_spreadsheet
LN-73610403,BR-996489,jumbo,2022-11-29,2032-10-07,636398.24,201767.79,3.926,120,CT,cash_out_refinance,A,18,40k-75k,delinquent_60,74,Highline Capital Servicing,2025-09-06,2024-07-07,missing,manual_spreadsheet
LN-54019696,BR-892899,va,2023-01-26,2042-10-13,148259.24,38665.28,3.876,240,MD,cash_out_refinance,C,13,<40k,delinquent_30,40,Meridian Loan Servicing,2024-08-31,2025-11-07,partial,origination_sys_a
LN-02381282,BR-285588,va,2022-12-28,2032-11-05,575617.78,91121.0,8.032,120,TX,refinance,A,28,120k+,current,0,Meridian Loan Servicing,2024-09-26,2025-07-29,partial,origination_sys_a
LN-08411982,BR-319718,jumbo,2022-09-09,2042-05-27,233357.47,211364.59,4.592,240,VA,purchase,B,23,40k-75k,current,0,Highline Capital Servicing,2022-09-19,2026-01-31,missing,manual_spreadsheet
LN-46382194,BR-526872,jumbo,2023-11-28,2043-08-15,408713.73,134722.84,3.507,240,DE,refinance,B,23,75k-120k,delinquent_60,62,Coastal Trust Servicing,2024-04-07,2025-07-01,missing,origination_sys_a
LN-03921021,BR-643416,conventional,2023-07-26,2022-06-21,631289.39,466230.5,7.844,120,MA,refinance,D,21,75k-120k,delinquent_30,33,Highline Capital Servicing,2024-09-10,2026-06-10,missing,origination_sys_a
LN-94241787,BR-521221,conventional,2020-02-28,2049-09-23,281311.57,59227.78,5.866,360,WI,cash_out_refinance,A,18,120k+,delinquent_60,52,Highline Capital Servicing,2023-07-23,2026-02-06,missing,origination_sys_a
LN-29024295,BR-917562,va,2021-07-09,2036-04-21,472405.62,338113.35,7.232,180,AK,purchase,A,7,75k-120k,current,0,Highline Capital Servicing,2026-01-22,2026-02-01,complete,manual_spreadsheet
LN-55011372,BR-856695,va,2024-03-22,2039-01-03,437686.02,52157.3,3.98,180,NM,cash_out_refinance,B,28,40k-75k,current,0,Highline Capital Servicing,2024-05-07,2026-06-30,partial,origination_sys_b
LN-18282490,BR-694172,conventional,2021-08-23,2036-06-05,383517.01,203579.28,3.683,180,AL,cash_out_refinance,D,3,75k-120k,current,0,Coastal Trust Servicing,2024-12-10,2025-07-10,partial,origination_sys_a
LN-79242177,BR-949781,fha,2019-07-11,2039-03-28,606433.28,260761.5,8.124,240,LA,purchase,D,22,75k-120k,current,0,Highline Capital Servicing,2024-08-05,2026-03-02,missing,manual_spreadsheet
LN-82018120,BR-460773,va,2019-12-03,2029-10-11,501173.4,5293.76,7.674,120,NV,purchase,A,26,40k-75k,closed,0,Highline Capital Servicing,2024-02-28,2025-08-28,complete,origination_sys_a
LN-04461778,BR-595953,jumbo,2021-02-06,2030-12-16,383826.91,141335.16,4.287,120,RI,cash_out_refinance,B,30,120k+,delinquent_60,47,Highline Capital Servicing,2022-01-24,2025-09-17,missing,origination_sys_b
LN-43598169,BR-279149,fha,2020-07-25,2040-04-11,228330.34,175351.98,3.764,240,ID,cash_out_refinance,B,25,40k-75k,delinquent_30,42,Meridian Loan Servicing,2021-02-17,2025-09-09,missing,manual_spreadsheet
LN-31148282,BR-656075,va,2022-01-18,2031-11-27,217652.0,104595.78,5.804,120,UT,refinance,C,0,<40k,current,0,Meridian Loan Servicing,2026-06-03,2025-10-12,complete,manual_spreadsheet
LN-06484860,BR-690133,conventional,2022-11-15,2032-09-23,571844.9,191781.61,7.473,120,NC,cash_out_refinance,C,24,75k-120k,current,0,Highline Capital Servicing,2023-10-07,2026-03-27,complete,manual_spreadsheet
LN-17573454,BR-006836,conventional,2023-07-23,2038-05-05,422198.53,194242.04,5.307,180,ND,refinance,B,12,120k+,current,0,Coastal Trust Servicing,2024-03-30,2025-08-17,,origination_sys_b
LN-15750442,BR-664397,fha,2019-11-02,2039-07-20,371659.07,40114.13,4.129,240,AR,refinance,A,29,<40k,current,0,Highline Capital Servicing,2022-09-02,2026-07-26,missing,origination_sys_a
LN-49537502,BR-106621,va,2023-12-29,2033-11-06,229116.46,74854.12,0.01,120,HI,purchase,B,28,120k+,closed,0,Coastal Trust Servicing,2024-05-10,2026-01-29,partial,manual_spreadsheet
LN-39619328,BR-177351,fha,2023-01-25,2052-08-20,201908.36,138681.31,8.296,360,WA,purchase,A,15,120k+,delinquent_30,31,Highline Capital Servicing,2025-05-16,2026-07-26,partial,origination_sys_b
LN-19394806,BR-060829,fha,2021-11-16,2031-09-25,520061.03,171015.28,8.349,120,MN,purchase,C,18,75k-120k,current,103,Coastal Trust Servicing,2022-07-24,2026-02-21,partial,manual_spreadsheet
LN-81092064,BR-169040,conventional,2020-03-30,2035-01-11,539390.35,471131.05,8.281,180,WI,cash_out_refinance,D,24,75k-120k,delinquent_30,37,Highline Capital Servicing,2021-04-24,2026-06-05,partial,manual_spreadsheet
LN-89017115,BR-923472,va,2023-10-24,2053-05-19,523980.61,176978.04,7.615,360,RI,purchase,D,29,<40k,current,0,Coastal Trust Servicing,2025-09-19,2025-09-15,complete,origination_sys_b
LN-65122530,BR-191812,fha,2021-01-23,2040-10-10,156337.99,140820.93,3.868,240,NH,refinance,C,10,120k+,current,0,Meridian Loan Servicing,2021-07-30,2026-02-25,partial,origination_sys_a
LN-07294975,BR-074899,conventional,2022-11-25,2042-08-12,154129.9,76188.06,6.101,240,IN,refinance,D,12,<40k,delinquent_90,98,Meridian Loan Servicing,2025-01-24,2026-04-19,complete,manual_spreadsheet
LN-83851548,BR-459698,va,2021-07-22,2031-05-31,262615.58,83147.48,7.248,120,AZ,purchase,B,9,<40k,current,0,Coastal Trust Servicing,2024-01-24,2025-10-09,complete,origination_sys_b
LN-02370646,BR-603578,va,2020-09-03,2035-06-17,351825.52,134734.83,6.37,180,AK,cash_out_refinance,D,8,40k-75k,current,0,Highline Capital Servicing,2025-05-23,2025-12-26,missing,manual_spreadsheet
LN-76948253,BR-392310,va,2023-07-13,2053-02-05,575660.6,225511.86,6.347,360,IL,purchase,B,3,40k-75k,delinquent_60,64,Meridian Loan Servicing,2025-03-06,2026-06-17,complete,origination_sys_b
LN-17904739,BR-752663,fha,2021-04-07,2031-02-14,312456.89,111007.83,7.993,120,ND,purchase,A,26,75k-120k,closed,0,Meridian Loan Servicing,2026-04-18,2026-04-24,partial,origination_sys_b
LN-87475160,BR-553692,jumbo,2023-12-23,2033-10-31,639510.89,117087.26,7.544,120,CT,cash_out_refinance,B,24,40k-75k,current,0,Coastal Trust Servicing,2024-11-08,2026-03-09,missing,origination_sys_b
LN-73560094,BR-208438,conventional,2024-03-06,2034-01-13,223600.41,175921.03,8.492,120,DE,refinance,B,2,<40k,current,0,Coastal Trust Servicing,2024-09-19,2026-03-28,missing,origination_sys_b
LN-26834785,BR-896603,va,2023-08-14,2033-06-22,107312.21,95906.1,4.851,120,NY,refinance,D,19,75k-120k,current,0,Highline Capital Servicing,2024-07-11,2025-07-12,complete,manual_spreadsheet
LN-10774643,BR-016672,jumbo,2024-04-15,2053-11-09,584698.24,194635.5,8.183,360,UT,cash_out_refinance,C,2,40k-75k,delinquent_30,36,Meridian Loan Servicing,2024-11-08,2026-04-02,partial,origination_sys_a
LN-15008811,BR-601725,va,2019-07-02,2034-04-14,623890.15,426073.22,4.162,180,NY,cash_out_refinance,C,12,<40k,delinquent_30,32,Meridian Loan Servicing,2021-12-11,2025-12-23,partial,origination_sys_a
LN-08208420,BR-468359,jumbo,2023-12-31,2043-09-17,255046.0,113834.23,7.205,240,NY,cash_out_refinance,B,29,40k-75k,delinquent_30,32,Meridian Loan Servicing,2024-01-14,2025-11-13,complete,manual_spreadsheet
LN-59157476,BR-248858,fha,2019-07-08,2049-01-31,589731.75,264999.43,6.218,360,MA,refinance,A,10,40k-75k,delinquent_60,65,Coastal Trust Servicing,2024-07-22,2025-10-12,missing,origination_sys_a
LN-84958807,BR-316123,fha,2021-10-06,2051-05-02,309585.39,50140.57,3.931,360,MT,cash_out_refinance,C,0,75k-120k,current,0,Coastal Trust Servicing,2024-04-09,2025-12-24,complete,manual_spreadsheet
LN-91597955,BR-626578,fha,2020-06-26,2050-01-20,404576.12,132451.67,4.134,360,AZ,refinance,A,30,40k-75k,current,0,Coastal Trust Servicing,2026-07-26,2025-07-08,partial,manual_spreadsheet
LN-65003659,BR-706092,jumbo,2022-05-10,2042-01-25,369195.9,259143.23,5.738,240,NM,purchase,B,0,120k+,current,0,Highline Capital Servicing,2024-06-27,2026-06-12,complete,manual_spreadsheet
LN-95718354,BR-137955,fha,2019-05-11,2048-12-04,362092.01,180188.68,5.343,360,VT,refinance,A,21,75k-120k,current,0,Highline Capital Servicing,2023-08-18,2026-03-22,missing,manual_spreadsheet
LN-73329351,BR-382661,va,2020-11-10,2050-06-06,404440.29,373687.05,7.448,360,IA,purchase,A,10,120k+,current,0,Meridian Loan Servicing,2023-10-13,2025-08-30,complete,manual_spreadsheet
LN-39192636,BR-618917,va,2022-10-25,2042-07-12,186363.02,56417.03,5.329,240,TN,refinance,C,30,120k+,delinquent_30,44,Coastal Trust Servicing,2024-08-19,2025-11-23,complete,manual_spreadsheet
LN-68880895,BR-118327,conventional,2020-10-18,2050-05-14,520611.85,367443.14,7.693,360,IN,refinance,C,2,75k-120k,current,0,Highline Capital Servicing,2025-11-19,2026-04-18,complete,origination_sys_b
LN-47907430,BR-691882,conventional,2023-08-22,2043-05-09,195309.4,149586.2,3.676,240,MN,purchase,D,12,<40k,current,0,Coastal Trust Servicing,2026-07-29,2026-07-24,partial,manual_spreadsheet
LN-57489597,BR-498547,jumbo,2019-05-04,2034-02-14,511925.94,483402.68,4.898,180,HI,purchase,D,22,75k-120k,current,0,Coastal Trust Servicing,2023-02-13,2026-02-25,missing,manual_spreadsheet
LN-25361069,BR-090013,fha,2020-07-26,2040-04-12,497746.05,294332.21,6.432,240,IA,purchase,B,4,<40k,current,0,Highline Capital Servicing,2024-02-15,2026-04-11,complete,origination_sys_a
LN-11385359,BR-448924,jumbo,2019-01-12,2038-09-29,273759.97,252209.34,7.097,240,ME,cash_out_refinance,D,4,<40k,current,0,Meridian Loan Servicing,2023-02-20,2026-06-13,missing,manual_spreadsheet
LN-87811816,BR-866607,conventional,2022-12-12,2037-09-24,603967.43,425962.36,6.098,180,NE,refinance,D,5,40k-75k,delinquent_90,88,Coastal Trust Servicing,2026-01-17,2026-07-18,partial,origination_sys_b
LN-13429521,BR-150108,jumbo,2019-02-19,2033-12-02,517152.96,313693.84,5.412,180,TX,cash_out_refinance,B,23,<40k,delinquent_30,40,Highline Capital Servicing,2019-09-24,2026-07-08,missing,origination_sys_a
LN-47255180,BR-119924,fha,2023-01-11,2052-08-06,627399.83,251833.74,8.277,360,WA,refinance,C,21,<40k,current,0,Coastal Trust Servicing,2024-09-22,2025-09-10,complete,manual_spreadsheet
LN-25344678,BR-282952,va,2022-02-01,2036-11-14,214779.19,173631.95,6.388,180,WY,refinance,A,5,120k+,current,0,Coastal Trust Servicing,2025-05-08,2026-03-04,partial,origination_sys_a
LN-79727819,BR-951069,fha,2020-01-18,2034-10-31,330880.77,268749.26,7.466,180,MT,cash_out_refinance,A,17,40k-75k,current,0,Meridian Loan Servicing,2020-06-20,2026-01-26,complete,origination_sys_b
LN-46678632,BR-597978,conventional,2023-04-08,2052-11-01,425750.58,64387.17,4.51,360,LA,refinance,B,29,120k+,delinquent_60,61,Coastal Trust Servicing,2023-09-22,2026-03-19,missing,manual_spreadsheet
LN-01577530,BR-346716,fha,2020-10-18,2030-08-27,342322.42,224271.05,8.058,120,OR,refinance,D,2,40k-75k,delinquent_60,72,Coastal Trust Servicing,2026-05-27,2025-07-18,complete,manual_spreadsheet
LN-16744606,BR-701411,conventional,2024-06-04,2034-04-13,162754.91,147919.15,6.588,120,AZ,refinance,B,23,75k-120k,current,0,Coastal Trust Servicing,2026-07-04,2025-08-20,missing,origination_sys_b
LN-43564887,BR-172127,jumbo,2024-03-24,2039-01-05,192832.26,202098.6,6.627,180,FL,refinance,A,18,75k-120k,delinquent_30,30,Meridian Loan Servicing,2024-08-24,2025-09-07,missing,origination_sys_b
LN-37870975,BR-375872,jumbo,2021-02-08,2035-11-22,89755.49,22461.09,4.093,180,LA,purchase,D,29,75k-120k,current,0,Coastal Trust Servicing,2022-12-08,2024-12-21,missing,origination_sys_b
LN-14016452,BR-164704,conventional,2021-03-04,2040-11-19,514666.11,431916.26,5.562,240,FL,purchase,C,16,<40k,delinquent_60,47,Highline Capital Servicing,2022-12-18,2025-06-14,partial,origination_sys_a
LN-69449638,BR-304693,jumbo,2023-08-23,2033-07-01,206447.04,71475.69,7.718,120,KS,refinance,D,26,<40k,current,0,Meridian Loan Servicing,2025-01-18,2025-06-09,partial,origination_sys_b
LN-28742429,BR-440007,va,2019-01-06,2028-11-14,105150.45,94584.02,5.739,120,GA,cash_out_refinance,A,27,<40k,current,0,Highline Capital Servicing,2019-09-12,2025-06-20,partial,origination_sys_a
LN-98299414,BR-110438,va,2020-02-05,2029-12-14,312894.49,270210.53,5.734,120,VA,refinance,C,15,<40k,current,0,Meridian Loan Servicing,2021-06-12,2025-07-11,missing,origination_sys_a
LN-89988413,BR-021800,va,2020-11-14,2035-08-28,649862.48,173444.78,5.515,180,NV,purchase,C,30,75k-120k,delinquent_30,39,Coastal Trust Servicing,2021-02-24,2026-07-27,complete,origination_sys_a
LN-65590778,BR-620290,fha,2019-04-14,2048-11-07,415453.14,159302.99,3.711,360,SC,cash_out_refinance,A,25,75k-120k,current,0,Coastal Trust Servicing,2025-12-27,2026-06-19,partial,origination_sys_b
LN-83524302,BR-204221,va,2023-05-24,2052-12-17,-37488.87,177299.51,5.684,360,IN,cash_out_refinance,C,18,<40k,current,0,Coastal Trust Servicing,2025-11-22,2025-08-01,complete,origination_sys_a
LN-45851001,BR-608609,conventional,2022-12-28,2042-09-14,174131.36,101663.29,4.676,240,UT,cash_out_refinance,D,28,40k-75k,current,63,Meridian Loan Servicing,2023-06-17,2025-09-18,partial,origination_sys_a
LN-83174835,BR-954540,fha,2023-02-05,2042-10-23,-40005.39,315392.43,3.809,240,AK,refinance,A,13,120k+,delinquent_30,43,Highline Capital Servicing,2025-10-01,2025-12-22,missing,origination_sys_a
LN-60186575,BR-491739,jumbo,2023-08-25,2038-06-07,560007.7,351005.87,6.823,180,AR,refinance,A,18,75k-120k,current,0,Meridian Loan Servicing,2024-04-22,2026-06-27,partial,origination_sys_a
LN-46852737,BR-478632,conventional,2023-06-07,2052-12-31,144121.01,84587.91,7.924,360,NE,cash_out_refinance,C,26,120k+,current,0,Highline Capital Servicing,2026-06-30,2025-08-30,complete,manual_spreadsheet
LN-51193784,BR-515572,jumbo,2020-06-26,2050-01-20,94603.99,53441.72,6.164,360,NC,purchase,A,28,120k+,current,0,Meridian Loan Servicing,2023-05-20,2025-08-18,partial,origination_sys_b
LN-09189269,BR-618242,jumbo,2019-11-06,2049-06-01,423107.2,377442.35,7.099,360,AL,refinance,B,7,<40k,current,0,Highline Capital Servicing,2023-06-13,2025-11-01,missing,manual_spreadsheet
LN-31103012,BR-054074,conventional,31/02/2021,2049-02-05,269496.91,65878.53,7.362,360,FL,cash_out_refinance,C,19,<40k,current,0,Coastal Trust Servicing,2025-08-06,2026-06-20,missing,origination_sys_a
LN-59786969,BR-565829,jumbo,2023-11-10,2053-06-05,343183.29,165249.61,6.982,360,OK,refinance,C,29,120k+,current,0,Coastal Trust Servicing,2024-09-24,2025-12-29,missing,origination_sys_a
,BR-801447,fha,2020-11-01,2040-07-19,415360.75,48986.92,7.663,240,OH,cash_out_refinance,D,6,120k+,delinquent_30,30,Highline Capital Servicing,2023-08-16,2026-04-11,partial,manual_spreadsheet
LN-00658292,BR-099629,jumbo,2022-08-19,2037-06-01,137004.74,62696.31,5.657,180,NE,purchase,C,25,120k+,current,0,Highline Capital Servicing,2023-07-16,2026-02-04,complete,origination_sys_b
LN-49791564,BR-272431,fha,2020-10-06,2050-05-02,573151.68,305762.15,7.352,360,MI,cash_out_refinance,C,1,<40k,current,0,Highline Capital Servicing,2024-07-05,2026-03-20,missing,manual_spreadsheet
LN-12974864,BR-476311,conventional,2020-12-11,2035-09-24,607450.81,572350.67,3.962,180,NC,refinance,D,1,<40k,delinquent_90,86,Coastal Trust Servicing,2021-02-10,2025-07-31,complete,origination_sys_b
LN-58398921,BR-778641,conventional,2022-04-20,2051-11-14,354284.2,187645.18,8.098,360,AR,purchase,C,7,120k+,current,0,Highline Capital Servicing,2023-07-30,2025-08-28,partial,origination_sys_b
LN-32531575,BR-837906,jumbo,2022-11-27,2052-06-22,573847.08,285519.65,4.772,360,TN,refinance,C,20,120k+,current,0,Highline Capital Servicing,2023-09-21,2025-08-26,complete,origination_sys_a
LN-77497949,BR-326661,fha,2019-08-17,2034-05-30,618344.67,506400.01,3.654,180,OK,cash_out_refinance,D,21,40k-75k,delinquent_30,37,Meridian Loan Servicing,2024-12-12,2026-04-11,partial,manual_spreadsheet
LN-36067275,BR-162880,conventional,2019-01-26,2028-12-04,536681.79,479159.8,6.074,120,VA,refinance,D,15,75k-120k,delinquent_30,33,Coastal Trust Servicing,2019-10-27,2025-10-09,partial,origination_sys_b
LN-82530627,BR-506786,fha,2019-12-19,2039-09-05,224838.48,38386.38,6.718,240,DE,purchase,D,30,75k-120k,closed,0,Coastal Trust Servicing,2024-04-17,2025-02-19,missing,manual_spreadsheet
LN-09351424,BR-130075,jumbo,2022-04-01,2051-10-26,643258.04,322568.36,7.052,360,ID,refinance,B,28,40k-75k,delinquent_30,44,Coastal Trust Servicing,2025-11-19,2024-10-26,complete,manual_spreadsheet
LN-50918218,BR-975210,conventional,2021-07-09,2036-04-21,377234.17,281972.32,3.575,180,IA,purchase,A,0,<40k,delinquent_30,32,Coastal Trust Servicing,2024-06-12,2026-05-04,partial,origination_sys_b
LN-96715813,BR-007823,fha,2021-06-07,2051-01-01,145330.17,25645.74,6.706,360,CO,cash_out_refinance,A,25,120k+,current,0,Highline Capital Servicing,2023-10-17,2026-03-13,missing,manual_spreadsheet
LN-00794790,BR-823738,va,2019-10-11,2034-07-24,259471.25,156365.72,3.598,180,VT,purchase,D,13,120k+,closed,0,Highline Capital Servicing,2022-10-15,2026-07-10,complete,origination_sys_a
LN-04338926,BR-063514,fha,2019-01-27,2048-08-22,602199.73,418994.2,4.971,360,GA,refinance,D,5,120k+,current,0,Coastal Trust Servicing,2024-03-21,2025-10-23,complete,manual_spreadsheet
LN-64633514,BR-043620,conventional,2020-04-24,2049-11-18,398077.14,202209.99,4.164,360,VT,refinance,D,27,40k-75k,current,0,Highline Capital Servicing,2020-06-23,2026-05-16,partial,origination_sys_a
LN-43394476,BR-126706,fha,2022-02-07,2031-12-17,513799.88,59940.37,4.902,120,RI,cash_out_refinance,D,30,40k-75k,current,0,Highline Capital Servicing,2023-08-06,2026-07-07,complete,origination_sys_a
LN-72183248,BR-371818,va,2019-10-16,2049-05-11,270532.43,121877.66,5.985,360,AL,cash_out_refinance,A,30,<40k,current,0,Meridian Loan Servicing,2024-04-07,2026-06-05,complete,manual_spreadsheet
LN-84115377,BR-005981,va,2024-01-15,2043-10-02,313704.98,44532.53,7.085,240,KS,purchase,B,13,<40k,current,0,Highline Capital Servicing,2025-07-23,2025-10-21,partial,origination_sys_a
LN-13014896,BR-347039,jumbo,2021-09-13,2031-07-23,113582.95,73974.6,3.766,120,OR,purchase,B,1,<40k,current,0,Highline Capital Servicing,2022-02-05,2025-07-17,partial,manual_spreadsheet
LN-53762675,BR-452835,va,2020-10-04,2030-08-13,82623.99,44510.63,8.283,120,WY,purchase,D,26,<40k,delinquent_90,80,Coastal Trust Servicing,2026-07-13,2026-02-14,complete,origination_sys_b
LN-20356214,BR-297745,fha,2020-02-19,2039-11-06,542233.97,477032.45,5.187,240,GA,refinance,A,12,75k-120k,delinquent_90,79,Coastal Trust Servicing,2025-01-06,2025-06-19,complete,manual_spreadsheet
LN-55932976,BR-841034,jumbo,2021-05-29,2050-12-23,190441.0,92219.03,8.135,360,VA,purchase,D,11,120k+,closed,0,Coastal Trust Servicing,2023-04-16,2026-03-05,partial,origination_sys_a
LN-99306309,BR-129945,jumbo,2021-01-15,2050-08-11,170889.78,80337.78,3.974,360,UT,purchase,B,10,75k-120k,delinquent_30,30,Coastal Trust Servicing,2026-04-29,2026-03-04,partial,manual_spreadsheet
LN-93929698,BR-619793,conventional,2021-03-07,2031-01-14,471440.44,376881.06,3.553,120,NE,cash_out_refinance,A,2,75k-120k,current,0,Meridian Loan Servicing,2023-01-26,2025-12-07,complete,manual_spreadsheet
LN-48340804,BR-115037,va,2024-03-20,2039-01-01,596708.19,390861.26,6.72,180,IA,cash_out_refinance,A,1,<40k,delinquent_30,40,Highline Capital Servicing,2025-01-08,2025-10-11,missing,manual_spreadsheet
LN-39845670,BR-569993,fha,2020-03-18,2039-12-04,520530.97,489104.38,8.299,240,MN,refinance,B,29,75k-120k,current,0,Coastal Trust Servicing,2026-07-27,2025-10-21,partial,origination_sys_a
LN-63498057,BR-406242,fha,2019-04-04,2038-12-20,301115.74,277547.71,7.083,240,IN,cash_out_refinance,B,18,75k-120k,current,0,Highline Capital Servicing,2025-10-08,2025-06-07,missing,origination_sys_b
LN-32680232,BR-811510,fha,2023-11-01,2038-08-14,91691.38,56506.1,6.807,180,OR,cash_out_refinance,B,7,40k-75k,current,0,Highline Capital Servicing,2024-10-04,2025-11-19,complete,origination_sys_a
LN-26954208,BR-134760,va,2019-02-01,2028-12-10,405651.08,163607.85,8.288,120,NJ,refinance,D,10,40k-75k,delinquent_60,66,Meridian Loan Servicing,2021-01-01,2025-11-30,missing,manual_spreadsheet
LN-81064312,BR-986191,va,2022-04-30,2051-11-24,257660.38,158215.03,7.709,360,IA,cash_out_refinance,A,5,40k-75k,current,0,Highline Capital Servicing,2026-04-03,2026-05-10,complete,origination_sys_a
LN-76547523,BR-505376,jumbo,2022-08-18,2037-05-31,118489.34,21225.15,4.337,180,VT,purchase,D,17,<40k,current,0,Coastal Trust Servicing,2022-11-29,2026-02-06,partial,origination_sys_a
LN-88293005,BR-171056,fha,2021-09-07,2036-06-20,118286.18,13931.03,6.626,180,IA,purchase,B,1,75k-120k,current,0,Meridian Loan Servicing,2023-03-29,2026-02-01,partial,origination_sys_b
LN-99577677,BR-169271,fha,2020-07-24,2035-05-07,-18302.96,81530.99,4.153,180,NH,refinance,C,27,40k-75k,delinquent_60,48,Coastal Trust Servicing,2021-09-19,2026-01-02,complete,origination_sys_b
LN-43090759,BR-443562,conventional,2023-01-10,2037-10-23,103614.44,30015.12,6.919,180,TN,purchase,A,13,<40k,current,0,Highline Capital Servicing,2024-09-12,2025-06-25,partial,manual_spreadsheet
LN-87803158,BR-214535,va,2019-03-25,2034-01-05,411762.97,56650.9,8.344,180,NE,refinance,D,30,<40k,current,0,Highline Capital Servicing,2021-11-06,2025-10-05,missing,origination_sys_b
LN-27264496,BR-612406,jumbo,2024-03-19,2038-12-31,127944.22,65849.92,4.336,180,IL,purchase,B,12,40k-75k,current,0,Highline Capital Servicing,2026-07-21,2026-03-25,complete,origination_sys_a
LN-53615580,BR-795606,jumbo,2020-08-28,2035-06-11,225764.06,63675.42,4.238,180,KS,cash_out_refinance,C,29,<40k,current,0,Coastal Trust Servicing,2024-12-02,2026-05-02,partial,origination_sys_a
LN-63229906,BR-073640,va,2020-02-16,2039-11-03,538848.83,105475.71,5.349,240,NJ,cash_out_refinance,D,29,75k-120k,delinquent_30,34,Highline Capital Servicing,2023-11-02,2025-12-05,partial,origination_sys_b
LN-45923773,BR-849112,conventional,2022-04-16,2042-01-01,491395.04,73055.6,6.177,240,AL,cash_out_refinance,C,29,75k-120k,delinquent_90,98,Coastal Trust Servicing,2022-10-12,2025-10-01,partial,origination_sys_a
LN-81824913,BR-792392,va,2023-04-07,2052-10-31,419688.39,283444.1,6.753,360,PA,purchase,B,25,40k-75k,delinquent_90,100,Highline Capital Servicing,2023-12-01,2025-11-02,partial,origination_sys_b
LN-41990674,BR-531907,jumbo,2023-12-20,2043-09-06,201689.85,52811.63,3.962,240,OK,refinance,C,5,40k-75k,current,0,Highline Capital Servicing,2026-04-03,2026-06-30,missing,origination_sys_b
LN-84119896,BR-643719,jumbo,2023-02-22,2037-12-05,326778.98,58830.99,5.765,180,OR,refinance,D,21,75k-120k,delinquent_30,34,Highline Capital Servicing,2024-03-13,2026-04-30,complete,origination_sys_b
LN-31450935,BR-909467,conventional,2019-01-07,2028-11-15,238834.69,214317.45,5.046,120,MA,refinance,B,3,120k+,delinquent_60,69,Meridian Loan Servicing,2025-10-16,2026-05-25,partial,origination_sys_a
LN-41013375,BR-390656,jumbo,2024-06-04,2034-04-13,518466.45,396640.22,7.42,120,MN,purchase,C,30,75k-120k,current,0,Coastal Trust Servicing,2026-05-04,2025-07-15,complete,origination_sys_a
LN-86128687,BR-231403,conventional,2019-10-31,2034-08-13,165942.48,59865.2,5.848,180,CO,purchase,D,1,40k-75k,delinquent_30,33,Highline Capital Servicing,2025-05-31,2025-09-06,,manual_spreadsheet
,BR-979476,va,2023-07-11,2038-04-23,552965.99,431358.92,6.171,180,KY,refinance,D,6,75k-120k,current,0,Highline Capital Servicing,2024-12-29,2025-08-19,complete,origination_sys_a
LN-01621567,BR-189617,va,2020-03-05,2034-12-17,639826.81,73515.54,45.0,180,MO,purchase,C,6,75k-120k,current,0,Coastal Trust Servicing,2020-09-22,2026-02-16,partial,origination_sys_a
LN-37280625,BR-315180,jumbo,2023-09-03,2053-03-29,572761.15,425019.83,4.373,360,TX,purchase,C,21,120k+,delinquent_60,62,Meridian Loan Servicing,2026-04-29,2025-10-18,missing,origination_sys_b
LN-01600920,BR-763256,jumbo,2021-03-01,2031-01-08,258883.65,185018.57,6.462,120,IN,cash_out_refinance,C,14,120k+,current,0,Highline Capital Servicing,2025-09-04,2026-03-19,complete,origination_sys_a
LN-66070395,BR-749456,jumbo,2021-09-04,2031-07-14,542385.98,506894.34,3.682,120,ND,refinance,B,2,40k-75k,current,0,Highline Capital Servicing,2024-06-04,2025-07-07,partial,origination_sys_a
,BR-659626,jumbo,2019-06-13,2034-03-26,155155.42,61405.99,5.144,180,IL,purchase,C,5,40k-75k,current,0,Meridian Loan Servicing,2021-01-25,2026-05-23,complete,origination_sys_a
LN-54947045,BR-336445,jumbo,2019-09-05,2029-07-14,280624.52,260983.29,8.117,120,CO,refinance,B,12,75k-120k,current,0,Highline Capital Servicing,2020-01-21,2025-10-23,partial,origination_sys_b
LN-79569416,BR-616226,jumbo,2019-03-09,2029-01-15,311822.45,202668.12,7.095,120,ID,refinance,C,3,40k-75k,current,0,Coastal Trust Servicing,2020-12-27,2026-03-29,partial,origination_sys_b
LN-65533944,BR-232997,va,2022-10-13,2037-07-26,323142.88,24297.87,7.045,180,CA,refinance,A,12,40k-75k,closed,0,Coastal Trust Servicing,2024-02-21,2026-02-24,missing,origination_sys_b
LN-78612551,BR-772586,va,2020-07-18,2050-02-11,242500.66,111869.94,3.999,360,HI,purchase,A,28,120k+,current,0,Meridian Loan Servicing,2021-03-25,2026-02-25,missing,origination_sys_a
LN-27438170,BR-035830,fha,2019-08-24,2049-03-19,514159.72,279142.12,6.333,360,AK,purchase,C,3,40k-75k,current,0,Meridian Loan Servicing,2021-12-06,2025-09-07,missing,origination_sys_b
LN-68954896,BR-923223,jumbo,2020-11-13,2050-06-09,-22017.26,286645.77,4.606,360,CA,purchase,C,1,40k-75k,current,0,Highline Capital Servicing,2022-12-04,2025-11-20,complete,origination_sys_b
LN-21367476,BR-675059,va,2019-11-19,2034-09-01,-32142.09,73189.23,7.054,180,GA,cash_out_refinance,C,12,<40k,current,0,Meridian Loan Servicing,2020-11-20,2025-12-26,missing,manual_spreadsheet
LN-80278918,BR-623177,fha,2024-06-14,2054-01-08,329747.88,233085.78,4.495,360,FL,cash_out_refinance,B,19,40k-75k,current,0,Meridian Loan Servicing,2024-10-31,2025-09-15,complete,origination_sys_a
LN-14471973,BR-844763,va,2020-11-07,2050-06-03,406961.64,349321.2,4.746,360,WV,purchase,B,8,75k-120k,current,0,Meridian Loan Servicing,2021-06-24,2025-09-21,complete,origination_sys_a
LN-27911209,BR-579707,fha,2024-02-08,2038-11-21,498788.19,10514.25,6.81,180,FL,refinance,A,28,75k-120k,closed,0,Meridian Loan Servicing,2025-05-02,2025-06-15,missing,origination_sys_b
LN-64846891,BR-236284,jumbo,2024-02-20,2043-11-07,456515.69,221640.72,45.0,240,MI,cash_out_refinance,A,5,40k-75k,delinquent_30,31,Highline Capital Servicing,2025-10-25,2026-04-25,complete,manual_spreadsheet
,BR-100590,va,2023-05-21,2043-02-05,299608.11,91526.67,8.413,240,OK,refinance,A,21,<40k,current,0,Highline Capital Servicing,2023-08-30,2026-06-07,partial,origination_sys_b
LN-66138741,BR-143224,fha,2022-11-21,2032-09-29,534824.52,84153.28,3.607,120,ME,purchase,B,3,120k+,current,0,Meridian Loan Servicing,2024-12-31,2026-04-14,missing,origination_sys_b
LN-76822388,BR-384590,jumbo,2022-11-04,2042-07-22,416928.49,167129.27,3.604,240,HI,purchase,C,19,120k+,delinquent_60,74,Coastal Trust Servicing,2024-10-19,2026-06-14,complete,manual_spreadsheet
LN-46187424,BR-431950,conventional,2023-04-18,2043-01-03,187995.9,69635.5,7.929,240,MN,cash_out_refinance,A,4,40k-75k,current,0,Meridian Loan Servicing,2025-05-12,2025-12-21,missing,manual_spreadsheet
LN-05365226,BR-861627,fha,31/02/2021,2038-12-26,166018.34,117381.29,3.714,180,MO,purchase,C,21,75k-120k,current,0,Coastal Trust Servicing,2025-08-22,2025-09-20,complete,manual_spreadsheet
LN-25871808,BR-087326,conventional,2022-10-01,2042-06-18,135344.74,105020.98,7.056,240,OH,purchase,D,17,120k+,current,0,Coastal Trust Servicing,2025-07-19,2025-06-23,partial,origination_sys_b
LN-39786035,BR-594523,va,2024-01-05,2033-11-13,139269.28,63308.78,7.38,120,MO,cash_out_refinance,D,9,120k+,current,0,Coastal Trust Servicing,2024-11-18,2025-06-30,missing,origination_sys_a
LN-98110601,BR-229245,conventional,2022-05-05,2051-11-29,492805.67,376969.33,3.95,360,SC,refinance,B,26,120k+,current,0,Coastal Trust Servicing,2025-10-04,2026-06-02,missing,manual_spreadsheet
LN-24477703,BR-113510,va,2020-07-22,2030-05-31,451461.98,231765.15,6.659,120,MA,purchase,C,7,40k-75k,current,0,Coastal Trust Servicing,2020-07-29,2025-06-30,partial,manual_spreadsheet
LN-60361442,BR-289286,jumbo,2022-11-12,2037-08-25,607195.76,142033.05,6.866,180,IN,purchase,D,13,<40k,current,0,Coastal Trust Servicing,2024-09-30,2026-06-28,missing,origination_sys_a
LN-91672260,BR-559317,conventional,2023-12-14,2053-07-09,180908.88,101916.03,6.142,360,MA,cash_out_refinance,A,12,120k+,current,0,Highline Capital Servicing,2025-01-11,2025-06-01,complete,manual_spreadsheet
LN-58820169,BR-196355,fha,2019-03-30,2048-10-23,510645.06,171143.24,6.205,360,MD,refinance,D,5,<40k,delinquent_60,45,Coastal Trust Servicing,2020-12-06,2026-03-03,missing,origination_sys_b
LN-50326581,BR-366604,va,2021-02-10,2040-10-28,476680.76,119799.88,7.933,240,PA,cash_out_refinance,A,14,75k-120k,current,69,Coastal Trust Servicing,2023-10-11,2025-11-29,complete,manual_spreadsheet
LN-45553623,BR-654058,va,2021-04-23,2050-11-17,416451.43,42701.48,4.063,360,NJ,purchase,C,26,120k+,current,0,Coastal Trust Servicing,2024-11-03,2025-12-20,partial,origination_sys_a
LN-06653091,BR-803904,conventional,2021-03-27,2031-02-03,648427.65,454533.39,3.59,120,OH,purchase,C,17,75k-120k,current,0,Highline Capital Servicing,2024-02-25,2025-11-09,complete,origination_sys_a
LN-25487139,BR-219790,fha,2019-01-02,2033-10-15,578712.4,154039.81,3.73,180,MN,cash_out_refinance,D,24,120k+,current,0,Meridian Loan Servicing,2025-08-23,2026-03-10,missing,origination_sys_b
LN-71458945,BR-547014,jumbo,2022-08-14,2037-05-27,89853.82,11411.0,7.891,180,AZ,purchase,A,20,40k-75k,current,0,Highline Capital Servicing,2024-09-14,2025-10-12,missing,origination_sys_a
LN-93234949,BR-193713,va,2019-04-08,2034-01-19,234688.49,163980.97,6.556,180,NV,refinance,B,10,120k+,delinquent_90,113,Meridian Loan Servicing,2021-05-01,2026-04-01,complete,origination_sys_a
LN-04435635,BR-630822,conventional,2022-06-01,2032-04-09,269117.57,274327.72000000003,5.945,120,CO,purchase,C,10,75k-120k,current,0,Meridian Loan Servicing,2022-12-26,2026-07-12,complete,manual_spreadsheet
LN-72719442,BR-676573,va,2023-08-25,2033-07-03,81894.85,60457.54,4.355,120,PA,cash_out_refinance,C,5,75k-120k,current,0,Meridian Loan Servicing,2025-05-26,2026-06-03,complete,origination_sys_b
LN-80304347,BR-631457,va,2019-08-25,2039-05-12,358874.52,371595.10000000003,4.061,240,NJ,purchase,C,18,75k-120k,current,0,Coastal Trust Servicing,2026-01-19,2026-02-26,partial,origination_sys_a
LN-01548028,BR-561955,fha,2020-06-16,2040-03-03,563021.07,246277.02,7.56,240,OK,purchase,C,25,40k-75k,current,0,Highline Capital Servicing,2026-07-20,2026-03-01,partial,origination_sys_a
LN-43369748,BR-515144,va,2019-01-20,2038-10-07,551509.66,320109.61,4.896,240,MO,refinance,A,23,120k+,current,0,Highline Capital Servicing,2023-04-20,2025-08-02,complete,manual_spreadsheet
LN-55864936,BR-576155,jumbo,2023-07-15,2022-06-10,415644.69,371790.54,4.639,360,AK,cash_out_refinance,B,26,75k-120k,current,0,Meridian Loan Servicing,2024-01-25,2025-08-09,missing,origination_sys_a
LN-75569864,BR-319374,va,2022-01-11,2051-08-07,458235.54,322170.3,7.271,360,FL,cash_out_refinance,A,26,<40k,current,0,Meridian Loan Servicing,2022-10-31,2025-10-20,complete,origination_sys_b
LN-15168849,BR-759230,va,2023-03-07,2052-09-30,496743.0,510682.09,7.474,360,IN,refinance,D,24,40k-75k,delinquent_60,65,Coastal Trust Servicing,2025-05-16,2026-07-25,missing,origination_sys_a
LN-10294529,BR-580768,fha,2019-06-19,2034-04-01,493888.09,201276.18,7.667,180,NH,refinance,A,11,75k-120k,current,0,Meridian Loan Servicing,2025-09-29,2026-03-02,partial,origination_sys_b
LN-57747761,BR-607125,conventional,2022-04-13,2037-01-24,205976.36,57483.71,4.743,180,OH,purchase,D,9,40k-75k,current,0,Coastal Trust Servicing,2024-01-18,2026-06-17,partial,origination_sys_a
LN-70382720,BR-367434,jumbo,2020-05-13,2049-12-07,104089.65,93658.81,3.894,360,VT,refinance,D,18,40k-75k,current,0,Meridian Loan Servicing,2024-04-28,2026-02-13,complete,manual_spreadsheet
LN-39426882,BR-413812,jumbo,2019-05-04,2029-03-12,437179.86,212963.53,8.283,120,SC,purchase,B,26,40k-75k,closed,0,Highline Capital Servicing,2024-10-15,2024-02-29,complete,origination_sys_b
LN-92532074,BR-019496,fha,2019-02-27,2033-12-10,390480.3,230949.35,5.174,180,SD,refinance,D,26,75k-120k,delinquent_30,36,Meridian Loan Servicing,2023-05-06,2025-11-23,complete,origination_sys_a
LN-49516645,BR-557955,conventional,2020-01-22,2029-11-30,157160.28,18370.49,5.592,120,MT,refinance,A,18,40k-75k,current,0,Meridian Loan Servicing,2025-09-23,2025-09-15,missing,origination_sys_b
LN-87581448,BR-098997,jumbo,2024-04-06,2053-10-31,516198.64,108147.0,7.696,360,LA,cash_out_refinance,A,6,75k-120k,delinquent_30,35,Meridian Loan Servicing,2025-12-01,2025-09-30,missing,manual_spreadsheet
LN-22474807,BR-661918,jumbo,2024-01-20,2033-11-28,369136.56,286186.24,8.347,120,ID,cash_out_refinance,B,12,40k-75k,current,0,Highline Capital Servicing,2024-10-16,2026-02-18,complete,origination_sys_a
LN-06412207,BR-457022,fha,2024-03-07,2043-11-23,118657.44,27258.58,7.701,240,TN,purchase,A,19,120k+,delinquent_60,73,Coastal Trust Servicing,2025-11-27,2026-04-09,,origination_sys_a
LN-13294139,BR-871086,fha,2024-05-09,2039-02-20,162193.08,115888.47,4.362,180,CT,purchase,A,1,40k-75k,closed,0,Highline Capital Servicing,2025-06-04,2026-01-30,missing,origination_sys_b
LN-19105728,BR-415195,conventional,2019-07-23,2049-02-15,202613.97,110696.63,5.195,360,NM,cash_out_refinance,C,0,<40k,current,0,Meridian Loan Servicing,2025-02-08,2026-05-01,complete,origination_sys_a
LN-41153058,BR-641083,va,2020-11-14,2030-09-23,94818.21,52890.96,7.217,120,DE,refinance,A,18,40k-75k,current,0,Coastal Trust Servicing,2021-08-21,2026-05-02,partial,origination_sys_a
LN-38913031,BR-192099,conventional,2021-07-20,2041-04-06,254644.15,153804.31,6.417,240,MD,cash_out_refinance,D,25,120k+,closed,0,Meridian Loan Servicing,2023-08-28,2026-06-24,missing,origination_sys_a
LN-46635962,BR-365331,conventional,2020-03-02,2034-12-14,319779.77,133769.18,6.375,180,DE,refinance,A,5,120k+,current,0,Coastal Trust Servicing,2024-09-14,2026-01-27,missing,origination_sys_b
LN-14995240,BR-746991,conventional,2023-02-09,2052-09-04,225520.58,107663.03,5.953,360,SC,cash_out_refinance,B,2,120k+,delinquent_30,44,Highline Capital Servicing,2023-05-09,2026-01-02,complete,origination_sys_b
LN-22449515,BR-534181,fha,2022-03-15,2036-12-26,304031.73,40236.9,4.497,180,WA,refinance,B,27,<40k,current,0,Highline Capital Servicing,2024-01-17,2025-09-26,complete,origination_sys_a
LN-74210557,BR-911709,conventional,2023-04-09,2038-01-20,81127.65,75649.26,5.422,180,WI,cash_out_refinance,B,26,40k-75k,current,0,Meridian Loan Servicing,2026-01-15,2026-06-16,complete,origination_sys_b
LN-58089493,BR-005852,fha,2023-02-28,2052-09-23,501807.2,213213.1,4.745,360,DE,purchase,B,30,120k+,current,0,Meridian Loan Servicing,2023-09-12,2025-11-01,missing,origination_sys_a
LN-79391280,BR-332403,va,2020-10-13,2030-08-22,457427.1,218649.44,4.917,120,VA,refinance,D,13,120k+,current,0,Meridian Loan Servicing,2021-05-20,2025-08-12,complete,origination_sys_a
LN-61124920,BR-930384,va,2022-02-01,2020-12-28,232188.04,93486.32,8.024,180,NJ,purchase,C,20,40k-75k,current,0,Highline Capital Servicing,2023-11-01,2025-07-17,complete,origination_sys_a
LN-53569679,BR-306810,jumbo,2020-12-06,2050-07-02,89916.2,62899.95,6.508,360,IA,purchase,C,13,120k+,current,0,Meridian Loan Servicing,2021-07-14,2025-08-11,complete,origination_sys_a
LN-91794316,BR-253447,fha,2022-02-24,2036-12-07,377751.81,211715.14,8.279,180,WY,cash_out_refinance,C,9,120k+,current,0,Coastal Trust Servicing,2022-05-29,2025-09-11,partial,manual_spreadsheet
LN-91023779,BR-938239,conventional,2019-12-30,2034-10-12,637727.56,378735.15,5.956,180,NE,cash_out_refinance,B,5,75k-120k,current,0,Meridian Loan Servicing,2021-05-29,2026-07-28,partial,manual_spreadsheet
LN-33641199,BR-649848,va,2024-05-05,2039-02-16,304717.42,33873.67,7.451,180,ME,refinance,D,26,<40k,current,0,Coastal Trust Servicing,2024-10-15,2026-07-20,missing,origination_sys_a
LN-54312883,BR-347311,conventional,2022-08-01,2037-05-14,286115.2,262932.85,5.181,180,SD,refinance,C,19,75k-120k,closed,0,Meridian Loan Servicing,2024-07-31,2025-11-03,partial,manual_spreadsheet
LN-01667501,BR-284335,va,2023-05-29,2038-03-11,89799.39,54802.86,6.002,180,NC,purchase,A,16,75k-120k,current,0,Coastal Trust Servicing,2025-10-04,2026-07-25,missing,origination_sys_a
LN-11836281,BR-814375,conventional,2021-04-09,2050-11-03,228012.11,66576.85,7.619,360,KS,refinance,B,3,120k+,current,0,Meridian Loan Servicing,2021-08-06,2025-06-23,complete,origination_sys_a
LN-02929411,BR-675464,conventional,2019-05-08,2034-02-18,139869.71,79765.8,7.923,180,WI,refinance,B,24,75k-120k,delinquent_60,64,Coastal Trust Servicing,2026-04-07,2025-07-12,complete,manual_spreadsheet
LN-89609331,BR-141584,conventional,2021-11-05,2041-07-23,136157.64,54352.49,5.858,240,WY,refinance,A,22,40k-75k,delinquent_60,59,Highline Capital Servicing,2022-06-22,2024-06-20,partial,origination_sys_a
LN-86859241,BR-132448,conventional,2021-05-23,2031-04-01,394939.14,203319.47,4.41,120,ME,cash_out_refinance,A,21,75k-120k,delinquent_30,37,Highline Capital Servicing,2024-01-01,2024-05-18,missing,origination_sys_a
LN-89183096,BR-758260,jumbo,2019-01-31,2033-11-13,451259.15,172037.94,6.911,180,MN,purchase,D,19,<40k,current,0,Meridian Loan Servicing,2025-07-25,2025-09-18,partial,manual_spreadsheet
LN-10401098,BR-527227,conventional,2023-03-14,2037-12-25,130982.33,118318.84,6.6,180,IA,cash_out_refinance,B,9,75k-120k,current,0,Coastal Trust Servicing,2023-07-27,2026-07-27,complete,origination_sys_a
LN-80193777,BR-964728,va,2019-01-21,2038-10-08,600338.59,193428.09,4.663,240,OK,purchase,A,0,75k-120k,current,0,Meridian Loan Servicing,2020-05-20,2025-11-09,partial,origination_sys_b
LN-32379150,BR-448157,jumbo,2021-05-11,2041-01-26,518163.22,423780.89,6.033,240,MI,refinance,C,4,120k+,current,0,Coastal Trust Servicing,2021-08-12,2025-08-02,missing,manual_spreadsheet
LN-79744134,BR-028438,jumbo,2021-08-03,2036-05-16,209437.17,130720.31,45.0,180,TN,purchase,D,21,<40k,current,0,Meridian Loan Servicing,2022-02-19,2026-06-24,partial,origination_sys_b
LN-53410537,BR-359815,va,2020-09-20,2035-07-04,382143.48,110871.6,8.485,180,NH,refinance,D,8,40k-75k,delinquent_60,71,Meridian Loan Servicing,2025-09-18,2025-11-02,missing,origination_sys_b
LN-79441625,BR-786460,va,2022-10-31,2037-08-13,161975.6,23687.95,6.085,180,ND,refinance,B,5,<40k,delinquent_60,51,Coastal Trust Servicing,2024-09-15,2025-09-15,partial,origination_sys_a
LN-24095497,BR-367404,jumbo,2020-06-15,2030-04-24,277706.29,257825.45,5.999,120,MI,refinance,C,5,120k+,current,0,Meridian Loan Servicing,2020-10-06,2026-01-29,complete,manual_spreadsheet
LN-71716410,BR-438414,jumbo,2020-06-15,2035-03-29,561694.58,305939.12,4.322,180,WY,refinance,B,19,75k-120k,delinquent_60,71,Meridian Loan Servicing,2023-09-11,2026-01-20,partial,manual_spreadsheet
LN-58187997,BR-098134,conventional,2021-04-07,2036-01-19,98457.71,35943.04,3.803,180,OH,purchase,A,14,120k+,closed,0,Meridian Loan Servicing,2026-06-07,2025-09-15,complete,origination_sys_a
LN-52442258,BR-845742,conventional,2021-03-30,2036-01-11,334019.49,96280.28,6.2,180,OR,purchase,D,24,75k-120k,delinquent_60,45,Highline Capital Servicing,2021-08-01,2025-10-28,complete,origination_sys_b
LN-17181582,BR-627808,jumbo,2022-06-15,2042-03-02,141973.65,62031.17,0.01,240,TN,refinance,B,14,40k-75k,delinquent_30,33,Coastal Trust Servicing,2026-01-24,2026-05-25,partial,origination_sys_b
LN-75530797,BR-800071,fha,2024-06-24,2039-04-07,415223.9,301012.94,6.475,180,HI,purchase,A,28,75k-120k,delinquent_30,39,Highline Capital Servicing,2025-02-22,2026-01-18,missing,origination_sys_a
LN-92192013,BR-638067,va,2020-07-26,2040-04-12,389061.92,67389.7,4.918,240,VA,cash_out_refinance,A,7,120k+,current,0,Coastal Trust Servicing,2026-03-22,2025-11-26,missing,manual_spreadsheet
LN-31405375,BR-618770,conventional,2020-08-06,2035-05-20,435555.53,134240.37,5.722,180,MI,cash_out_refinance,D,10,40k-75k,current,0,Meridian Loan Servicing,2021-12-01,2025-10-05,complete,origination_sys_a
LN-00172024,BR-675147,conventional,2024-06-03,2053-12-28,308848.44,273650.26,5.908,360,IA,cash_out_refinance,D,4,120k+,current,0,Highline Capital Servicing,2025-09-30,2025-08-21,partial,origination_sys_a
LN-18205689,BR-310113,fha,2022-09-29,2052-04-24,223568.47,192838.36,7.8,360,MN,purchase,C,3,75k-120k,delinquent_90,114,Meridian Loan Servicing,2023-07-11,2026-01-04,complete,manual_spreadsheet
LN-41493781,BR-057273,conventional,2022-08-03,2032-06-11,250722.24,96211.69,6.454,120,WV,purchase,C,24,120k+,current,0,Highline Capital Servicing,2022-10-26,2026-03-30,partial,origination_sys_b
LN-55336037,BR-692835,va,2022-07-22,2052-02-15,552823.44,432013.2,7.176,360,ND,purchase,B,24,75k-120k,current,0,Coastal Trust Servicing,2025-01-02,2026-03-29,missing,origination_sys_b
LN-51327870,BR-511137,fha,2019-10-04,2049-04-29,529465.58,547116.48,5.263,360,TX,cash_out_refinance,D,5,75k-120k,current,0,Highline Capital Servicing,2021-09-07,2026-05-04,missing,origination_sys_b
LN-90510074,BR-160409,va,2020-01-22,2039-10-09,582062.78,233290.05,7.64,240,AR,cash_out_refinance,C,13,40k-75k,current,0,Meridian Loan Servicing,2020-10-21,2025-10-04,partial,origination_sys_b
LN-23261240,BR-530099,fha,2022-08-18,2032-06-26,90694.94,68306.04,5.807,120,TX,purchase,C,12,75k-120k,current,0,Highline Capital Servicing,2023-04-02,2026-03-22,missing,manual_spreadsheet
LN-73034144,BR-412198,jumbo,2021-05-06,2031-03-15,350180.93,202916.73,4.073,120,TN,cash_out_refinance,C,9,<40k,current,0,Highline Capital Servicing,2023-01-09,2026-02-25,complete,origination_sys_a
LN-14854490,BR-822260,va,2023-01-05,2032-11-13,301780.96,215888.51,7.9,120,CA,refinance,C,27,75k-120k,delinquent_30,31,Meridian Loan Servicing,2025-11-17,2026-01-22,missing,origination_sys_b
LN-18223704,BR-237753,va,2019-02-10,2028-12-19,556459.26,294783.11,5.743,120,WI,purchase,B,11,75k-120k,current,0,Coastal Trust Servicing,2023-04-04,2026-05-24,missing,origination_sys_a
LN-47009528,BR-637207,fha,2021-02-14,2035-11-28,-27252.79,148745.53,5.106,180,PA,cash_out_refinance,A,26,<40k,current,0,Coastal Trust Servicing,2025-07-02,2026-02-20,complete,origination_sys_b
LN-72495243,BR-354688,va,2021-12-28,2031-11-06,229254.64,134517.48,7.98,120,NJ,purchase,D,24,40k-75k,current,0,Highline Capital Servicing,2025-02-03,2025-12-28,complete,origination_sys_b
,BR-366832,fha,2022-09-11,2042-05-29,582892.79,510579.85,5.317,240,WI,refinance,A,10,<40k,current,0,Meridian Loan Servicing,2024-01-31,2026-03-20,partial,origination_sys_b
LN-28479517,BR-484520,conventional,2024-02-17,2053-09-12,417519.88,309465.71,7.355,360,NH,cash_out_refinance,D,10,40k-75k,current,0,Coastal Trust Servicing,2026-04-05,2026-05-07,partial,manual_spreadsheet
LN-15687908,BR-768865,fha,2022-05-09,2032-03-17,300710.17,93606.45,7.642,120,VT,refinance,A,8,120k+,current,0,Coastal Trust Servicing,2022-10-15,2026-07-22,missing,origination_sys_b
LN-75980185,BR-756655,fha,2022-10-30,2052-05-25,96951.54,59902.38,5.953,360,OK,purchase,D,22,75k-120k,current,0,Meridian Loan Servicing,2024-02-19,2025-12-23,partial,origination_sys_a
LN-20756690,BR-793960,va,2021-07-26,2031-06-04,384319.27,96462.31,5.294,120,OR,cash_out_refinance,D,14,<40k,current,0,Highline Capital Servicing,2024-12-03,2026-03-28,complete,origination_sys_a
LN-92557620,BR-186745,jumbo,2022-06-17,2042-03-04,547129.84,315523.86,5.857,240,AL,refinance,D,30,75k-120k,current,0,Coastal Trust Servicing,2023-09-14,2025-08-23,missing,origination_sys_a
LN-96009710,BR-516082,conventional,2020-12-04,2030-10-13,138685.0,55069.36,6.088,120,CA,refinance,B,12,40k-75k,current,0,Coastal Trust Servicing,2022-10-13,2025-01-16,missing,origination_sys_b
LN-96015535,BR-642054,conventional,2022-01-31,2036-11-13,451230.73,133187.48,7.096,180,MO,purchase,B,25,120k+,delinquent_60,61,Highline Capital Servicing,2024-04-12,2026-06-21,complete,origination_sys_a
LN-71919223,BR-561296,jumbo,2022-02-15,2031-12-25,382318.75,90008.87,8.0,120,CO,purchase,A,23,75k-120k,current,0,Coastal Trust Servicing,2025-10-24,2026-04-22,complete,origination_sys_b
LN-30524890,BR-664172,va,2019-11-29,2039-08-16,202521.29,89682.47,4.165,240,WI,cash_out_refinance,C,1,75k-120k,current,0,Highline Capital Servicing,2022-05-27,2026-01-21,missing,origination_sys_b
LN-98828513,BR-744527,jumbo,2020-06-07,2030-04-16,478950.02,123147.8,4.261,120,IL,purchase,B,13,<40k,delinquent_30,42,Highline Capital Servicing,2024-12-14,2025-06-09,,manual_spreadsheet
LN-91026314,BR-604049,jumbo,2023-05-08,2052-12-01,241711.17,214485.64,4.385,360,MN,refinance,B,18,40k-75k,current,0,Meridian Loan Servicing,2025-02-22,2026-05-08,missing,manual_spreadsheet
LN-43250988,BR-802517,conventional,2021-09-04,2051-03-31,396907.4,220524.68,4.274,360,FL,refinance,A,0,<40k,current,0,Meridian Loan Servicing,2023-04-20,2026-07-05,partial,origination_sys_a
LN-62029030,BR-553984,conventional,2022-08-29,2052-03-24,610069.36,503444.5,6.457,360,OH,refinance,C,26,120k+,current,0,Highline Capital Servicing,2023-07-22,2026-06-15,missing,manual_spreadsheet
LN-52809949,BR-195619,conventional,2024-04-08,2039-01-20,249205.34,234339.48,6.745,180,MS,refinance,B,28,<40k,current,0,Meridian Loan Servicing,2025-08-06,2025-06-29,missing,origination_sys_b
LN-91796780,BR-294112,conventional,2020-05-18,2030-03-27,335684.85,202344.95,6.783,120,NM,cash_out_refinance,C,27,120k+,current,0,Meridian Loan Servicing,2020-07-09,2025-11-18,complete,origination_sys_b
LN-05691368,BR-501420,va,31/02/2021,2051-04-26,191976.1,154708.83,7.159,360,ME,refinance,C,27,120k+,current,0,Highline Capital Servicing,2024-10-30,2026-01-01,missing,origination_sys_a
LN-29986437,BR-676968,va,2023-05-16,2022-04-11,361227.91,335283.88,3.949,240,VT,purchase,B,27,75k-120k,delinquent_30,38,Meridian Loan Servicing,2024-11-14,2026-07-02,partial,origination_sys_b
LN-37783827,BR-662690,jumbo,2020-01-30,2039-10-17,101112.46,26102.02,7.606,240,AL,purchase,C,0,40k-75k,current,0,Meridian Loan Servicing,2023-07-28,2025-11-24,partial,origination_sys_b
LN-10565319,BR-723856,va,2019-08-29,2039-05-16,641285.86,67147.84,6.642,240,VT,cash_out_refinance,A,21,120k+,current,0,Coastal Trust Servicing,2025-09-19,2026-03-07,complete,origination_sys_a
LN-46873429,BR-642099,jumbo,2021-03-13,2040-11-28,169745.27,60574.9,5.937,240,NC,cash_out_refinance,D,1,40k-75k,current,0,Meridian Loan Servicing,2025-01-02,2026-05-21,missing,origination_sys_a
LN-06983055,BR-538261,jumbo,2022-05-12,2032-03-20,388285.29,130287.99,3.662,120,NJ,cash_out_refinance,B,4,<40k,current,0,Highline Capital Servicing,2023-08-17,2025-07-11,missing,origination_sys_b
LN-67866161,BR-403063,fha,2022-10-20,2032-08-28,351347.81,49477.85,6.383,120,NE,refinance,D,13,40k-75k,current,0,Highline Capital Servicing,2023-10-23,2026-06-07,complete,origination_sys_b
LN-73145423,BR-438303,jumbo,2022-12-10,2052-07-05,606023.98,388578.47,7.646,360,MS,purchase,B,23,<40k,closed,0,Coastal Trust Servicing,2026-06-28,2025-07-08,partial,origination_sys_b
LN-11820302,BR-129756,va,2023-09-12,2033-07-21,435591.26,196188.96,4.656,120,DE,cash_out_refinance,B,12,<40k,current,0,Meridian Loan Servicing,2026-02-09,2026-03-31,complete,origination_sys_a
LN-89513792,BR-235105,jumbo,2023-11-03,2053-05-29,278825.62,71792.46,5.239,360,MN,cash_out_refinance,B,9,75k-120k,current,0,Highline Capital Servicing,2024-12-14,2025-10-10,partial,origination_sys_a
LN-34094883,BR-442814,jumbo,2023-11-11,2038-08-24,420357.24,154290.26,3.58,180,IL,refinance,A,11,75k-120k,current,0,Meridian Loan Servicing,2024-01-22,2025-06-27,partial,origination_sys_a
LN-04340120,BR-234279,va,2022-10-26,2032-09-03,118675.38,89500.28,4.569,120,UT,refinance,D,18,<40k,delinquent_30,31,Highline Capital Servicing,2025-05-25,2026-07-20,complete,manual_spreadsheet
LN-98423851,BR-362645,conventional,2024-03-26,2034-02-02,512328.62,80668.7,5.371,120,NJ,purchase,B,7,120k+,current,0,Highline Capital Servicing,2026-06-24,2026-06-16,missing,origination_sys_a
LN-64218664,BR-715820,fha,2022-01-15,2041-10-02,219285.57,207206.82,5.111,240,WI,purchase,D,29,120k+,current,0,Highline Capital Servicing,2025-07-02,2025-06-14,missing,manual_spreadsheet
LN-78602152,BR-906275,va,2020-01-18,2039-10-05,174242.6,95417.32,4.192,240,MD,refinance,A,19,40k-75k,current,0,Coastal Trust Servicing,2020-02-24,2025-09-23,missing,origination_sys_b
LN-94466291,BR-087921,jumbo,2020-11-09,2040-07-27,571350.08,383366.0,8.464,240,WA,purchase,B,15,120k+,current,0,Highline Capital Servicing,2026-02-03,2025-06-30,complete,origination_sys_a
LN-70805030,BR-615360,conventional,2024-04-07,2034-02-14,316075.46,105227.82,6.702,120,VA,refinance,A,4,120k+,current,0,Highline Capital Servicing,2024-04-25,2025-10-31,missing,manual_spreadsheet
LN-39841824,BR-863884,va,2023-11-14,2053-06-09,349748.41,106736.52,8.229,360,WA,purchase,C,18,120k+,current,0,Highline Capital Servicing,2024-10-01,2025-08-10,missing,origination_sys_b
LN-45529729,BR-507880,va,2022-08-15,2021-07-11,139557.7,22815.62,6.486,180,TX,purchase,B,26,120k+,closed,0,Highline Capital Servicing,2024-04-13,2026-05-14,complete,origination_sys_a
LN-57880816,BR-532006,jumbo,2019-09-27,2034-07-10,635955.01,465092.39,45.0,180,HI,purchase,B,26,75k-120k,current,0,Highline Capital Servicing,2023-02-07,2026-06-03,complete,manual_spreadsheet
LN-51925543,BR-580530,fha,2019-11-27,2039-08-14,306684.25,171151.01,6.99,240,KY,cash_out_refinance,C,12,75k-120k,current,0,Highline Capital Servicing,2026-05-09,2026-07-02,missing,manual_spreadsheet
LN-27385988,BR-428055,fha,2024-06-14,2044-03-01,303106.55,93938.0,5.586,240,MO,refinance,B,0,<40k,current,0,Highline Capital Servicing,2025-05-10,2026-04-16,partial,origination_sys_b
LN-37340924,BR-005374,fha,2023-02-09,2052-09-04,470098.78,284222.08,4.956,360,AR,refinance,A,13,120k+,current,0,Highline Capital Servicing,2024-07-15,2025-12-22,partial,origination_sys_a
LN-42182599,BR-078887,jumbo,2019-11-12,2034-08-25,588311.24,128052.63,3.599,180,KS,refinance,B,1,75k-120k,current,0,Highline Capital Servicing,2021-08-03,2026-04-10,complete,manual_spreadsheet
LN-72972025,BR-540658,jumbo,2022-08-09,2052-03-04,114634.99,104496.8,0.01,360,LA,refinance,B,17,75k-120k,current,0,Meridian Loan Servicing,2023-10-12,2026-04-10,partial,origination_sys_b
LN-77499036,BR-956856,conventional,2022-06-02,2042-02-17,380177.26,264603.18,4.202,240,NV,purchase,B,22,75k-120k,delinquent_90,97,Highline Capital Servicing,2023-03-30,2026-06-21,missing,origination_sys_a
LN-28013007,BR-645469,conventional,2023-06-30,2038-04-12,632584.74,410732.15,6.782,180,CA,cash_out_refinance,D,23,75k-120k,current,0,Coastal Trust Servicing,2026-06-04,2026-02-22,missing,origination_sys_a
LN-86825162,BR-947357,va,2020-02-17,2029-12-26,365490.35,112782.13,4.329,120,NE,refinance,C,29,40k-75k,current,0,Meridian Loan Servicing,2025-02-06,2026-02-22,complete,manual_spreadsheet
LN-39587452,BR-133336,conventional,2019-01-06,2048-08-01,309627.42,72170.83,8.168,360,GA,purchase,B,14,40k-75k,current,0,Meridian Loan Servicing,2026-05-06,2025-07-15,partial,origination_sys_a
LN-08748876,BR-465895,va,2021-07-11,2031-05-20,638996.73,126957.18,3.853,120,NH,refinance,D,10,75k-120k,current,0,Meridian Loan Servicing,2024-11-07,2025-06-29,missing,origination_sys_a
LN-36535673,BR-455542,conventional,2023-08-04,2033-06-12,560505.96,175659.81,7.806,120,AK,cash_out_refinance,D,12,<40k,current,0,Meridian Loan Servicing,2024-12-03,2025-07-04,missing,origination_sys_b
,BR-870780,jumbo,2022-10-27,2032-09-04,182831.82,28282.98,3.535,120,MT,refinance,A,27,<40k,delinquent_30,39,Meridian Loan Servicing,2025-05-15,2025-11-18,missing,origination_sys_a
LN-27686640,BR-704468,fha,2020-03-25,2049-10-19,524221.39,235345.13,8.483,360,IL,refinance,C,22,120k+,current,0,Meridian Loan Servicing,2025-09-09,2025-09-23,partial,origination_sys_a
LN-36674936,BR-566757,va,2023-02-23,2033-01-01,516587.03,121974.11,4.817,120,MD,refinance,B,3,<40k,current,0,Highline Capital Servicing,2023-07-03,2025-11-13,partial,origination_sys_b
LN-30491639,BR-500684,jumbo,2024-05-01,2034-03-10,451298.4,159612.24,6.189,120,GA,purchase,C,25,75k-120k,delinquent_30,44,Highline Capital Servicing,2025-07-11,2026-07-12,missing,origination_sys_b
LN-77420496,BR-475215,jumbo,2020-06-23,2050-01-17,636506.22,293856.32,5.33,360,VA,purchase,B,21,120k+,current,0,Meridian Loan Servicing,2021-08-24,2026-07-25,missing,origination_sys_b
LN-66921087,BR-037557,conventional,2024-05-23,2039-03-06,485082.11,404461.76,8.234,180,IN,refinance,C,25,120k+,delinquent_60,62,Highline Capital Servicing,2026-05-19,2026-05-28,partial,origination_sys_b
LN-47964439,BR-806456,va,2019-12-28,2029-11-05,276864.84,114245.21,7.956,120,CT,purchase,C,26,75k-120k,current,0,Coastal Trust Servicing,2025-05-14,2026-04-18,partial,manual_spreadsheet
,BR-970196,conventional,2023-12-27,2033-11-04,481983.04,353354.44,6.376,120,TN,cash_out_refinance,D,22,40k-75k,current,0,Meridian Loan Servicing,2025-07-20,2025-10-26,complete,origination_sys_b
LN-09792891,BR-816925,conventional,2021-02-11,2050-09-07,342017.43,150550.7,3.862,360,IN,cash_out_refinance,D,13,40k-75k,current,0,Highline Capital Servicing,2023-11-07,2025-07-10,partial,manual_spreadsheet
LN-24201280,BR-333818,conventional,2023-02-25,2033-01-03,133458.79,26425.35,4.05,120,MO,purchase,D,24,40k-75k,closed,0,Highline Capital Servicing,2024-05-16,2025-11-03,complete,manual_spreadsheet
LN-76448206,BR-099950,fha,2022-04-12,2041-12-28,498986.54,201381.5,7.215,240,MI,refinance,A,23,40k-75k,delinquent_60,55,Highline Capital Servicing,2023-11-23,2026-03-26,,origination_sys_b
LN-42223370,BR-628102,jumbo,2023-11-28,2053-06-23,354233.35,282152.97,6.13,360,NJ,cash_out_refinance,C,6,<40k,delinquent_90,75,Meridian Loan Servicing,2026-05-11,2025-11-01,missing,origination_sys_a
LN-50530064,BR-235392,jumbo,2020-08-15,2030-06-24,412402.84,291732.67,5.907,120,NE,purchase,A,30,<40k,current,0,Highline Capital Servicing,2021-06-28,2024-12-07,missing,origination_sys_b
LN-78458145,BR-197327,fha,2019-07-19,2029-05-27,430629.49,260711.37,3.561,120,AZ,purchase,B,6,<40k,current,0,Meridian Loan Servicing,2025-03-06,2025-11-17,partial,origination_sys_b
LN-70704032,BR-750948,fha,2024-06-23,2044-03-10,598673.56,559139.04,7.744,240,ND,purchase,B,4,40k-75k,current,0,Highline Capital Servicing,2024-07-31,2025-10-26,,origination_sys_b
LN-97781252,BR-516359,conventional,2020-04-20,2035-02-01,184987.86,148048.44,7.483,180,HI,purchase,C,10,120k+,current,0,Coastal Trust Servicing,2023-06-24,2025-07-19,partial,origination_sys_a
LN-71541108,BR-927649,fha,2020-03-19,2039-12-05,185832.17,113400.62,4.884,240,OR,cash_out_refinance,C,5,120k+,delinquent_30,34,Meridian Loan Servicing,2024-03-17,2026-01-06,partial,origination_sys_a
LN-27317856,BR-432732,va,2020-11-16,2035-08-30,648448.92,74856.3,4.296,180,NH,refinance,D,13,75k-120k,current,0,Coastal Trust Servicing,2023-06-29,2025-07-04,partial,origination_sys_a
LN-22879452,BR-306864,fha,2022-02-23,2051-09-19,152550.63,62740.75,7.225,360,OK,purchase,C,8,40k-75k,delinquent_30,38,Coastal Trust Servicing,2023-10-02,2026-06-18,partial,manual_spreadsheet
LN-24667770,BR-086518,fha,2020-11-03,2050-05-30,220420.07,101153.31,6.973,360,CO,purchase,B,0,120k+,current,0,Meridian Loan Servicing,2026-02-26,2025-08-15,complete,origination_sys_b
LN-44575175,BR-199317,jumbo,2019-05-01,2048-11-24,473946.0,138030.51,5.484,360,MA,cash_out_refinance,C,26,40k-75k,delinquent_30,31,Coastal Trust Servicing,2025-10-24,2026-04-11,missing,origination_sys_a
LN-19858035,BR-569167,jumbo,2021-03-06,2040-11-21,276349.42,167290.73,7.093,240,OR,refinance,A,19,120k+,delinquent_90,81,Highline Capital Servicing,2024-12-11,2026-01-22,complete,origination_sys_b
LN-37047525,BR-702224,jumbo,2022-10-28,2037-08-10,204516.97,155929.34,7.666,180,TX,purchase,C,17,<40k,current,0,Highline Capital Servicing,2023-01-29,2025-08-26,missing,manual_spreadsheet
LN-09904957,BR-600869,conventional,2023-06-21,2043-03-08,130508.22,117096.56,4.253,240,OK,refinance,D,29,<40k,current,0,Highline Capital Servicing,2026-07-09,2025-09-19,complete,manual_spreadsheet
LN-57358921,BR-465649,conventional,2024-05-29,2034-04-07,579417.48,253849.48,4.527,120,OH,refinance,A,2,75k-120k,current,0,Highline Capital Servicing,2024-09-07,2025-10-11,missing,origination_sys_a
LN-98934819,BR-562184,va,2023-06-08,2053-01-01,146123.49,29901.35,5.086,360,NY,cash_out_refinance,A,24,40k-75k,delinquent_30,31,Highline Capital Servicing,2026-02-07,2025-11-06,missing,origination_sys_b
LN-94619152,BR-213802,va,2021-10-02,2051-04-28,247901.5,145171.67,4.589,360,AR,refinance,D,30,40k-75k,current,0,Highline Capital Servicing,2022-02-15,2025-06-20,partial,manual_spreadsheet
LN-06270755,BR-659332,fha,2020-06-02,2040-02-18,272167.04,27600.65,0.01,240,AK,refinance,A,18,75k-120k,current,0,Highline Capital Servicing,2025-06-25,2025-07-09,partial,manual_spreadsheet
LN-60147332,BR-846086,va,2024-02-22,2053-09-17,198678.11,127262.78,4.056,360,IA,purchase,D,16,120k+,current,0,Meridian Loan Servicing,2024-11-14,2026-01-16,complete,manual_spreadsheet
LN-50297450,BR-417186,fha,2021-11-14,2051-06-10,523476.73,451647.19,4.647,360,OK,purchase,B,5,40k-75k,current,0,Highline Capital Servicing,2021-12-10,2025-12-27,missing,origination_sys_b
LN-02072613,BR-779308,va,2021-08-22,2041-05-09,573807.07,288563.26,4.471,240,WY,refinance,B,5,40k-75k,current,0,Meridian Loan Servicing,2026-01-29,2025-10-31,partial,origination_sys_b
LN-09008128,BR-920377,conventional,31/02/2021,2039-05-16,625206.44,298194.8,8.149,240,KY,refinance,D,17,120k+,current,0,Highline Capital Servicing,2022-11-19,2025-10-02,missing,manual_spreadsheet
LN-37496962,BR-576086,jumbo,2019-09-21,2029-07-30,179913.12,72806.25,4.753,120,KS,cash_out_refinance,D,19,<40k,current,0,Highline Capital Servicing,2023-06-11,2025-06-12,missing,origination_sys_b
LN-71804950,BR-285843,conventional,2024-05-15,2044-01-31,601530.95,170467.46,5.443,240,NE,refinance,B,7,120k+,current,0,Highline Capital Servicing,2025-05-30,2026-03-06,partial,origination_sys_a
LN-05512024,BR-366823,jumbo,2019-06-19,2049-01-12,261458.02,149675.45,7.798,360,ID,refinance,A,17,75k-120k,current,0,Coastal Trust Servicing,2021-07-12,2026-03-14,complete,manual_spreadsheet
LN-73739315,BR-329938,jumbo,2019-10-16,2039-07-03,179242.07,124347.52,3.575,240,LA,purchase,C,14,<40k,current,0,Meridian Loan Servicing,2022-03-06,2026-01-19,complete,manual_spreadsheet
LN-69130086,BR-396640,va,2019-10-23,2039-07-10,465124.22,326773.41,8.256,240,RI,purchase,B,0,75k-120k,current,0,Meridian Loan Servicing,2024-05-17,2025-11-12,partial,manual_spreadsheet
LN-64902130,BR-285537,va,2024-03-14,2038-12-26,595948.35,384204.8,3.538,180,GA,purchase,D,3,<40k,current,0,Meridian Loan Servicing,2025-10-25,2025-12-13,complete,manual_spreadsheet
LN-00764313,BR-767073,va,2020-05-13,2035-02-24,292992.93,222135.82,3.512,180,NH,cash_out_refinance,B,7,<40k,current,0,Highline Capital Servicing,2024-03-22,2025-06-02,missing,origination_sys_a
LN-03278471,BR-271699,jumbo,2019-10-07,2034-07-20,127220.96,79219.2,8.37,180,NV,refinance,D,10,<40k,current,0,Highline Capital Servicing,2021-09-30,2026-06-29,missing,origination_sys_b
LN-35407010,BR-145906,jumbo,2022-08-20,2052-03-15,118130.99,109563.27,6.663,360,IN,refinance,B,4,40k-75k,current,0,Meridian Loan Servicing,2026-06-20,2026-04-28,partial,origination_sys_a
LN-25490213,BR-007439,fha,2022-01-09,2041-09-26,413891.02,368002.73,7.869,240,VT,cash_out_refinance,A,6,40k-75k,current,0,Highline Capital Servicing,2024-06-22,2026-06-04,partial,manual_spreadsheet
LN-16264583,BR-250028,jumbo,2022-09-11,2052-04-06,296593.97,229152.06,7.519,360,HI,cash_out_refinance,D,12,75k-120k,closed,0,Meridian Loan Servicing,2025-02-09,2025-10-11,partial,origination_sys_a
LN-99486376,BR-924241,va,2023-11-20,2043-08-07,116259.79,96167.2,7.041,240,DE,purchase,C,13,40k-75k,current,92,Highline Capital Servicing,2023-11-25,2025-09-21,partial,manual_spreadsheet
LN-87787197,BR-765262,fha,2019-09-23,2049-04-18,266384.89,132191.61,3.865,360,OR,purchase,C,13,75k-120k,current,0,Meridian Loan Servicing,2021-10-24,2025-06-28,complete,origination_sys_a
LN-62345811,BR-560026,fha,2020-08-22,2050-03-18,343037.38,38978.96,3.968,360,NH,cash_out_refinance,B,24,40k-75k,current,0,Meridian Loan Servicing,2025-08-17,2026-06-09,missing,manual_spreadsheet
LN-94743421,BR-895219,fha,2023-12-09,2038-09-21,475246.84,77229.94,3.635,180,AR,cash_out_refinance,C,16,75k-120k,current,0,Meridian Loan Servicing,2025-01-09,2026-06-03,partial,manual_spreadsheet
LN-95966470,BR-203662,jumbo,2020-02-21,2034-12-04,645925.22,496949.78,7.884,180,RI,purchase,A,17,75k-120k,delinquent_60,63,Highline Capital Servicing,2023-04-12,2025-06-12,missing,manual_spreadsheet
LN-93898082,BR-138786,conventional,2023-09-04,2033-07-13,144823.04,114464.13,4.584,120,ND,cash_out_refinance,A,9,75k-120k,current,0,Coastal Trust Servicing,2024-01-21,2026-03-16,complete,origination_sys_b
LN-23562644,BR-300614,va,2019-05-06,2039-01-21,217934.46,142466.96,5.407,240,NH,purchase,D,26,120k+,current,0,Coastal Trust Servicing,2022-04-14,2026-05-18,complete,origination_sys_a
LN-66274153,BR-954058,jumbo,2024-05-24,2034-04-02,168217.61,93663.36,5.693,120,PA,cash_out_refinance,B,21,40k-75k,delinquent_90,113,Meridian Loan Servicing,2025-07-21,2025-05-21,complete,origination_sys_b
LN-26033752,BR-995571,fha,2023-11-17,2033-09-25,490067.78,105309.74,5.439,120,TX,purchase,A,14,120k+,current,0,Highline Capital Servicing,2025-06-11,2025-09-06,complete,origination_sys_a
LN-08215294,BR-435823,va,2022-10-27,2042-07-14,387472.74,279936.68,7.555,240,VA,purchase,B,10,40k-75k,current,0,Coastal Trust Servicing,2024-11-24,2025-09-15,partial,origination_sys_b
LN-91704857,BR-144477,conventional,2019-08-07,2034-05-20,82518.36,40210.11,7.894,180,NC,refinance,B,10,40k-75k,delinquent_30,44,Coastal Trust Servicing,2024-12-27,2026-03-16,missing,manual_spreadsheet
LN-08721648,BR-936864,jumbo,2024-03-02,2053-09-26,193099.13,55381.25,3.97,360,SC,cash_out_refinance,D,29,<40k,current,0,Coastal Trust Servicing,2025-10-16,2025-08-14,missing,manual_spreadsheet
LN-42673817,BR-063182,fha,2021-08-30,2031-07-09,294432.98,102076.92,8.432,120,MO,cash_out_refinance,C,6,120k+,current,0,Coastal Trust Servicing,2022-10-14,2026-06-30,missing,origination_sys_a
LN-06420146,BR-193700,fha,2019-09-18,2018-08-14,410289.59,124644.67,5.595,120,AK,cash_out_refinance,A,4,120k+,current,0,Highline Capital Servicing,2025-12-30,2026-01-21,missing,manual_spreadsheet
LN-35738615,BR-402285,jumbo,2020-03-03,2039-11-19,561476.43,99227.03,8.425,240,MO,refinance,B,25,40k-75k,current,0,Meridian Loan Servicing,2022-07-01,2025-09-21,complete,origination_sys_b
LN-33851762,BR-008615,conventional,2022-11-19,2037-09-01,545853.48,329412.79,3.932,180,TX,cash_out_refinance,D,25,<40k,current,0,Highline Capital Servicing,2023-05-14,2025-11-06,missing,origination_sys_a
LN-78612889,BR-378209,conventional,2022-02-19,2041-11-06,239487.91,59796.23,7.112,240,PA,purchase,B,2,120k+,current,0,Coastal Trust Servicing,2022-10-10,2025-09-12,missing,origination_sys_a
LN-62386166,BR-297640,jumbo,2023-07-16,2043-04-02,566556.51,282178.95,5.47,240,OH,cash_out_refinance,A,16,<40k,current,0,Meridian Loan Servicing,2024-04-21,2025-11-19,missing,manual_spreadsheet
LN-97889298,BR-096967,conventional,2021-05-28,2031-04-06,278810.37,31639.19,7.81,120,NV,refinance,B,19,120k+,delinquent_30,34,Coastal Trust Servicing,2024-03-24,2026-05-24,partial,origination_sys_a
LN-86718460,BR-438659,jumbo,2019-07-13,2029-05-21,505787.74,420339.35,8.134,120,NV,cash_out_refinance,C,0,<40k,current,0,Coastal Trust Servicing,2023-12-23,2026-06-11,missing,origination_sys_a
LN-60616038,BR-156679,conventional,2021-07-30,2051-02-23,177981.61,145041.13,5.819,360,PA,cash_out_refinance,B,25,75k-120k,current,0,Coastal Trust Servicing,2024-07-30,2026-07-31,complete,origination_sys_a
LN-25159539,BR-992719,jumbo,2020-10-24,2040-07-11,434817.52,235570.47,5.148,240,OK,cash_out_refinance,B,18,<40k,current,0,Meridian Loan Servicing,2024-10-06,2025-12-12,partial,origination_sys_b
LN-08307127,BR-195834,conventional,2023-06-30,2033-05-08,384598.42,221070.63,6.632,120,TN,purchase,B,18,40k-75k,current,0,Meridian Loan Servicing,2024-03-08,2026-01-06,complete,manual_spreadsheet
LN-41706611,BR-216860,fha,2023-12-02,2038-09-14,273740.38,256983.68,7.932,180,QQ,refinance,B,0,40k-75k,current,0,Highline Capital Servicing,2026-02-13,2025-06-19,complete,origination_sys_b
LN-72084706,BR-236596,jumbo,2022-08-26,2052-03-21,159168.91,56268.33,4.779,360,WA,refinance,D,25,40k-75k,current,0,Highline Capital Servicing,2026-04-09,2026-07-11,partial,origination_sys_b
LN-96495685,BR-758696,jumbo,2024-04-08,2043-12-25,204755.79,137030.68,6.65,240,NE,refinance,B,13,120k+,current,0,Highline Capital Servicing,2025-09-20,2026-03-09,partial,origination_sys_a
LN-92184856,BR-638796,conventional,2019-11-12,2029-09-20,570585.71,148527.2,0.01,120,WI,cash_out_refinance,C,10,<40k,current,0,Highline Capital Servicing,2020-03-21,2026-02-16,missing,origination_sys_a
LN-19610427,BR-985273,conventional,2021-12-25,2041-09-11,308509.03,249766.68,4.708,240,AK,purchase,D,4,75k-120k,delinquent_60,59,Coastal Trust Servicing,2023-12-14,2025-10-22,complete,origination_sys_b
LN-90220957,BR-668768,va,2019-03-20,2033-12-31,472802.77,193555.1,4.44,180,WA,cash_out_refinance,A,3,40k-75k,current,0,Meridian Loan Servicing,2026-07-31,2025-09-03,partial,manual_spreadsheet
LN-58316103,BR-217329,va,2019-03-01,2038-11-16,646442.46,522429.36,6.66,240,NV,purchase,A,18,40k-75k,current,0,Highline Capital Servicing,2020-03-19,2025-08-16,complete,origination_sys_b
LN-07118414,BR-391034,jumbo,2022-09-25,2042-06-12,276091.42,178394.47,7.096,240,WI,cash_out_refinance,B,24,120k+,delinquent_30,33,Highline Capital Servicing,2023-04-20,2026-05-24,complete,origination_sys_b
LN-59426408,BR-959440,va,2019-02-28,2038-11-15,379659.87,195718.69,3.662,240,QQ,cash_out_refinance,B,29,40k-75k,delinquent_30,37,Coastal Trust Servicing,2023-11-09,2025-06-08,partial,origination_sys_a
LN-50580211,BR-622065,fha,2022-10-17,2032-08-25,620156.42,87176.61,4.035,120,KY,purchase,D,11,75k-120k,current,0,Highline Capital Servicing,2024-11-30,2026-03-12,partial,origination_sys_a
LN-10822462,BR-786865,jumbo,2022-05-26,2032-04-03,142813.5,95463.67,4.094,120,TN,purchase,C,0,120k+,current,0,Meridian Loan Servicing,2026-03-25,2025-10-11,missing,origination_sys_a
LN-21146005,BR-261525,conventional,2024-04-26,2053-11-20,424825.29,262816.96,7.434,360,NH,purchase,D,13,120k+,delinquent_30,35,Meridian Loan Servicing,2026-06-26,2026-01-18,complete,origination_sys_b
LN-08020811,BR-675550,fha,2019-10-08,2049-05-03,357774.62,205448.4,7.224,360,MD,cash_out_refinance,C,28,<40k,current,0,Meridian Loan Servicing,2026-06-07,2026-06-09,partial,manual_spreadsheet
LN-77264365,BR-724508,fha,2021-03-29,2050-10-23,513902.49,467576.1,5.732,360,CA,purchase,C,3,40k-75k,current,0,Meridian Loan Servicing,2022-10-25,2026-04-06,partial,origination_sys_a
LN-71776073,BR-174405,conventional,2019-07-25,2039-04-11,171019.36,162043.63,6.743,240,VT,refinance,B,23,120k+,current,0,Coastal Trust Servicing,2019-09-14,2025-12-03,partial,manual_spreadsheet
LN-06004012,BR-580656,conventional,2021-11-11,2041-07-29,449369.15,263263.33,4.402,240,NJ,purchase,C,2,<40k,current,0,Coastal Trust Servicing,2026-02-01,2025-08-06,,manual_spreadsheet
LN-33114047,BR-866578,fha,2020-06-26,2040-03-13,286230.04,44500.44,6.423,240,MT,purchase,B,23,120k+,current,0,Highline Capital Servicing,2025-06-04,2025-12-20,missing,origination_sys_a
LN-78072679,BR-693781,jumbo,2024-04-09,2034-02-16,292185.51,154783.51,4.524,120,IN,purchase,C,30,<40k,current,0,Meridian Loan Servicing,2026-07-12,2026-01-31,partial,origination_sys_b
LN-26972920,BR-235559,conventional,2023-05-15,2033-03-23,469992.75,376934.93,4.582,120,OK,cash_out_refinance,B,0,<40k,current,0,Highline Capital Servicing,2026-05-27,2026-02-17,complete,origination_sys_b
LN-71995619,BR-352023,fha,2022-10-30,2037-08-12,308891.8,233843.08,6.395,180,CO,cash_out_refinance,D,5,40k-75k,delinquent_60,56,Coastal Trust Servicing,2023-09-16,2025-09-01,partial,origination_sys_b
LN-08346776,BR-842660,fha,2019-09-12,2034-06-25,91640.68,45270.26,8.149,180,FL,purchase,D,3,<40k,current,0,Highline Capital Servicing,2025-10-27,2026-04-30,partial,origination_sys_b
LN-02888380,BR-481498,jumbo,2021-05-05,2041-01-20,374566.72,325617.33,7.59,240,WV,refinance,A,13,75k-120k,current,0,Coastal Trust Servicing,2023-08-23,2026-01-08,complete,origination_sys_b
LN-68059612,BR-844416,fha,2024-02-15,2033-12-24,130547.58,30900.2,4.075,120,IA,cash_out_refinance,B,13,<40k,current,0,Meridian Loan Servicing,2024-05-03,2026-03-30,partial,manual_spreadsheet
LN-26673753,BR-498695,conventional,2023-10-30,2043-07-17,232623.7,213749.47,4.266,240,LA,cash_out_refinance,B,19,40k-75k,delinquent_60,67,Meridian Loan Servicing,2026-05-19,2025-06-29,partial,origination_sys_b
LN-80799244,BR-198974,conventional,2019-08-05,2049-02-28,540971.53,481854.77,4.108,360,OH,refinance,B,18,75k-120k,current,0,Highline Capital Servicing,2022-06-27,2026-03-13,complete,origination_sys_a
LN-07436390,BR-563854,va,2023-01-21,2042-10-08,261453.25,227531.36,8.073,240,AZ,cash_out_refinance,B,22,<40k,current,0,Highline Capital Servicing,2025-10-07,2025-10-03,missing,origination_sys_a
LN-14061679,BR-711118,va,2020-11-04,2030-09-13,318566.12,165020.78,3.97,120,SC,cash_out_refinance,B,25,<40k,current,0,Highline Capital Servicing,2023-08-07,2026-01-27,complete,manual_spreadsheet
LN-32298266,BR-128706,jumbo,2020-04-25,2049-11-19,258222.61,47378.86,5.557,360,VT,purchase,A,21,120k+,current,0,Coastal Trust Servicing,2021-01-16,2026-07-10,partial,origination_sys_b
LN-57843818,BR-966583,conventional,2020-07-15,2030-05-24,429232.5,197633.92,6.837,120,WY,purchase,A,20,40k-75k,current,0,Highline Capital Servicing,2024-11-01,2026-04-14,partial,manual_spreadsheet
LN-33594113,BR-235008,fha,2020-07-01,2035-04-14,507128.89,225881.56,6.544,180,AK,cash_out_refinance,B,25,75k-120k,current,0,Meridian Loan Servicing,2023-08-23,2026-02-01,missing,manual_spreadsheet
LN-42256924,BR-195467,jumbo,2023-10-25,2038-08-07,247611.98,155558.59,7.38,180,MS,refinance,B,9,40k-75k,current,0,Coastal Trust Servicing,2025-05-22,2025-10-17,complete,origination_sys_b
LN-81759563,BR-294605,jumbo,2024-04-16,2039-01-28,396056.49,260606.52,4.917,180,IN,refinance,A,26,120k+,current,0,Highline Capital Servicing,2025-03-18,2026-03-23,complete,origination_sys_b
LN-25922276,BR-654455,jumbo,2021-07-26,2031-06-04,537463.62,271645.6,3.582,120,VT,purchase,D,22,<40k,current,0,Highline Capital Servicing,2024-11-03,2025-11-22,complete,origination_sys_a
LN-79943434,BR-360740,conventional,2023-09-30,2043-06-17,434098.52,21942.4,5.422,240,TX,refinance,C,18,40k-75k,closed,0,Meridian Loan Servicing,2025-05-03,2025-10-12,missing,origination_sys_a
LN-39674772,BR-308721,jumbo,2024-06-08,2044-02-24,428096.87,173930.6,3.861,240,VT,cash_out_refinance,B,28,75k-120k,current,0,Highline Capital Servicing,2024-10-13,2025-10-21,partial,origination_sys_a
LN-94138576,BR-726574,conventional,2023-09-26,2038-07-09,268349.89,31319.92,6.856,180,IL,refinance,C,7,<40k,current,0,Coastal Trust Servicing,2024-03-17,2026-05-28,complete,origination_sys_a
LN-27653994,BR-334834,conventional,2023-10-08,2038-07-21,330386.72,151518.73,8.227,180,WV,refinance,B,8,75k-120k,current,0,Coastal Trust Servicing,2025-05-06,2026-04-29,complete,manual_spreadsheet
LN-10913607,BR-708883,va,2022-05-03,2042-01-18,309690.81,88648.82,5.805,240,NV,purchase,D,28,40k-75k,current,0,Highline Capital Servicing,2023-09-16,2025-09-28,partial,origination_sys_b
LN-82473222,BR-253584,jumbo,2022-01-07,2041-09-24,477073.63,246635.52,7.436,240,AK,purchase,D,12,120k+,delinquent_90,113,Highline Capital Servicing,2025-02-21,2026-02-06,partial,origination_sys_b
LN-34103427,BR-057608,conventional,2019-02-21,2038-11-08,577108.01,537201.98,7.482,240,MS,refinance,C,23,40k-75k,delinquent_60,59,Meridian Loan Servicing,2022-05-25,2025-07-12,missing,origination_sys_b
LN-31269406,BR-978048,conventional,2020-12-04,2035-09-17,379440.24,51299.71,3.851,180,WV,purchase,C,18,75k-120k,current,0,Highline Capital Servicing,2021-10-18,2025-10-04,complete,manual_spreadsheet
,BR-957440,jumbo,2022-11-12,2052-06-07,555122.4,58523.41,7.165,360,NE,refinance,D,17,40k-75k,current,0,Coastal Trust Servicing,2026-04-22,2026-02-13,complete,manual_spreadsheet
LN-62122751,BR-420242,jumbo,2021-02-02,2035-11-16,290250.26,191092.23,4.374,180,GA,purchase,C,1,75k-120k,current,0,Meridian Loan Servicing,2022-04-20,2026-04-25,complete,manual_spreadsheet
LN-82751488,BR-032197,fha,2021-03-06,2050-09-30,98371.97,52936.86,8.082,360,IA,cash_out_refinance,D,20,40k-75k,current,0,Highline Capital Servicing,2021-08-21,2026-03-30,missing,manual_spreadsheet
LN-02351151,BR-997502,va,2022-10-28,2052-05-23,315763.28,51526.09,6.688,360,VT,purchase,D,17,75k-120k,delinquent_60,54,Highline Capital Servicing,2026-04-25,2025-09-13,missing,origination_sys_a
LN-38891471,BR-590259,conventional,2023-07-15,2043-04-01,482352.64,180494.36,6.239,240,VA,purchase,A,6,<40k,closed,0,Highline Capital Servicing,2025-09-10,2025-12-10,complete,origination_sys_b
LN-72705915,BR-192924,fha,2019-09-18,2034-07-01,257701.34,210429.05,4.747,180,MI,cash_out_refinance,C,11,40k-75k,current,0,Meridian Loan Servicing,2020-06-01,2026-01-24,partial,origination_sys_a
LN-78684637,BR-348473,va,2019-03-21,2034-01-01,113565.05,78221.9,4.098,180,XX,cash_out_refinance,B,19,<40k,current,0,Meridian Loan Servicing,2023-10-11,2026-05-10,missing,manual_spreadsheet
LN-41636600,BR-787516,fha,2020-06-30,2040-03-17,167039.51,99483.78,7.5,240,DE,refinance,B,13,40k-75k,current,0,Meridian Loan Servicing,2021-06-07,2025-06-12,missing,origination_sys_b
LN-01259003,BR-266993,fha,31/02/2021,2050-07-25,177184.55,50526.06,7.3,360,OK,cash_out_refinance,D,1,40k-75k,delinquent_60,69,Meridian Loan Servicing,2021-10-23,2025-08-14,complete,origination_sys_a
LN-85913217,BR-065967,fha,2024-05-20,2053-12-14,600335.33,433903.37,8.068,360,ZZ,refinance,A,25,120k+,current,0,Meridian Loan Servicing,2025-03-10,2025-10-09,missing,origination_sys_a
LN-48663708,BR-695336,fha,2019-12-22,2034-10-04,229424.02,136339.2,3.676,180,MO,refinance,C,13,40k-75k,current,0,Meridian Loan Servicing,2025-09-29,2025-10-13,missing,origination_sys_b
LN-22606815,BR-897850,va,2021-12-23,2051-07-19,494962.99,309956.01,5.91,360,PA,refinance,D,28,<40k,current,0,Coastal Trust Servicing,2025-06-05,2026-07-30,complete,origination_sys_a
LN-77759535,BR-728792,jumbo,2021-11-08,2031-09-17,198169.27,167836.45,4.141,120,KS,cash_out_refinance,C,28,<40k,delinquent_30,34,Coastal Trust Servicing,2024-02-23,2026-03-28,partial,origination_sys_a
LN-05874674,BR-736517,fha,2022-08-02,2032-06-10,547441.88,365869.66,7.863,120,HI,cash_out_refinance,B,22,<40k,current,0,Meridian Loan Servicing,2025-07-16,2026-02-08,complete,origination_sys_a
LN-29496563,BR-354223,jumbo,2020-05-17,2040-02-02,199511.09,115462.82,5.174,240,CO,purchase,C,20,40k-75k,current,0,Meridian Loan Servicing,2025-09-24,2026-06-08,partial,origination_sys_b
LN-79067256,BR-914786,jumbo,2022-11-01,2042-07-19,421829.16,343856.31,5.622,240,MI,purchase,C,19,120k+,current,0,Highline Capital Servicing,2024-08-13,2026-03-03,complete,origination_sys_b
LN-90852780,BR-178075,fha,2023-05-14,2052-12-07,257087.89,219847.81,4.363,360,LA,purchase,B,16,75k-120k,current,0,Coastal Trust Servicing,2024-07-27,2025-09-30,partial,manual_spreadsheet
LN-60065002,BR-950884,fha,2022-05-14,2037-02-24,353370.49,212489.33,5.374,180,ND,refinance,D,23,120k+,current,0,Meridian Loan Servicing,2024-04-21,2026-01-10,partial,origination_sys_b
LN-84279611,BR-673676,conventional,2020-07-12,2050-02-05,582028.18,382222.12,4.035,360,VT,purchase,C,13,120k+,current,0,Coastal Trust Servicing,2022-04-01,2026-04-11,missing,origination_sys_b
LN-22043319,BR-342636,va,2023-02-20,2032-12-29,177306.12,155556.4,4.943,120,MT,purchase,D,17,<40k,delinquent_60,55,Highline Capital Servicing,2025-01-23,2026-05-03,complete,manual_spreadsheet
LN-62037364,BR-255627,va,2023-05-20,2033-03-28,426075.43,381349.02,45.0,120,NM,refinance,D,14,120k+,current,0,Highline Capital Servicing,2025-07-04,2026-03-21,partial,manual_spreadsheet
LN-76394443,BR-459782,conventional,2024-01-13,2033-11-21,354403.01,227740.07,5.934,120,VT,purchase,C,27,<40k,current,0,Highline Capital Servicing,2024-08-15,2026-07-12,partial,manual_spreadsheet
LN-48762686,BR-641945,jumbo,2021-08-07,2051-03-03,151243.94,137131.33,4.773,360,IA,refinance,C,20,120k+,current,0,Highline Capital Servicing,2022-02-18,2025-10-08,partial,manual_spreadsheet
LN-33586593,BR-734904,conventional,2020-11-04,2040-07-22,346528.01,146706.68,4.277,240,ND,refinance,A,24,40k-75k,current,119,Highline Capital Servicing,2022-09-21,2026-03-02,complete,origination_sys_a
LN-60745786,BR-913330,fha,2023-02-27,2042-11-14,333102.57,231341.21,5.997,240,ME,refinance,D,1,<40k,current,0,Highline Capital Servicing,2023-04-20,2026-01-14,complete,manual_spreadsheet
LN-74035654,BR-459363,fha,2023-08-16,2053-03-11,-19377.83,121475.74,4.049,360,MS,cash_out_refinance,B,21,120k+,current,0,Highline Capital Servicing,2025-11-15,2025-06-21,missing,origination_sys_a
LN-54441520,BR-288760,fha,2020-12-23,2035-10-06,530634.43,284533.62,3.736,180,NJ,refinance,B,15,75k-120k,current,0,Coastal Trust Servicing,2023-07-09,2026-05-27,partial,origination_sys_b
LN-29179669,BR-623685,fha,2023-10-09,2038-07-22,258779.49,89168.33,5.449,180,AK,cash_out_refinance,B,27,75k-120k,delinquent_30,36,Meridian Loan Servicing,2026-02-05,2026-05-22,complete,manual_spreadsheet
LN-45011180,BR-618801,jumbo,2021-08-22,2041-05-09,483298.94,130523.87,7.449,240,OH,cash_out_refinance,B,26,75k-120k,current,0,Coastal Trust Servicing,2026-06-28,2025-12-17,partial,origination_sys_b
LN-23829107,BR-589329,fha,2024-06-23,2044-03-10,337357.82,244756.46,6.056,240,AK,cash_out_refinance,C,4,<40k,current,0,Meridian Loan Servicing,2026-01-09,2026-05-25,missing,manual_spreadsheet
LN-75889261,BR-925139,conventional,2022-01-10,2020-12-06,473309.54,362588.43,4.056,120,NH,purchase,B,29,120k+,delinquent_60,58,Meridian Loan Servicing,2023-02-14,2025-11-02,complete,manual_spreadsheet
LN-64157373,BR-466049,jumbo,2021-09-13,2051-04-09,604476.53,333425.69,4.236,360,ME,cash_out_refinance,D,17,<40k,current,0,Coastal Trust Servicing,2023-05-19,2026-01-02,complete,manual_spreadsheet
LN-34641643,BR-976072,conventional,2021-03-09,2035-12-21,105488.18,20766.3,8.326,180,WA,cash_out_refinance,D,20,<40k,current,0,Meridian Loan Servicing,2022-11-10,2026-05-02,complete,origination_sys_b
LN-85035540,BR-213256,jumbo,2023-07-26,2033-06-03,481945.51,213619.65,7.143,120,WY,refinance,B,12,<40k,current,0,Meridian Loan Servicing,2024-07-16,2026-06-13,complete,origination_sys_b
LN-89273252,BR-660448,va,2022-03-16,2032-01-23,393729.68,203346.63,7.756,120,NM,refinance,C,29,75k-120k,current,0,Highline Capital Servicing,2025-06-03,2025-08-12,complete,manual_spreadsheet
LN-92035675,BR-028844,jumbo,2022-12-16,2042-09-02,149607.11,30718.9,3.907,240,NY,cash_out_refinance,A,6,<40k,delinquent_30,34,Highline Capital Servicing,2025-04-05,2025-08-17,,origination_sys_b
LN-00352653,BR-232748,jumbo,2024-02-02,2033-12-11,589153.48,407726.58,5.824,120,TX,refinance,A,0,120k+,current,0,Highline Capital Servicing,2024-09-18,2025-12-13,partial,origination_sys_b
LN-22154873,BR-749937,va,2024-04-12,2053-11-06,465503.72,177798.23,6.214,360,OH,purchase,C,22,120k+,current,0,Coastal Trust Servicing,2026-07-12,2026-06-25,complete,origination_sys_a
LN-05883588,BR-411494,va,2022-01-13,2020-12-09,644771.49,400426.17,7.906,120,MS,refinance,C,13,75k-120k,delinquent_60,54,Highline Capital Servicing,2022-11-15,2026-02-03,missing,manual_spreadsheet
LN-96756265,BR-348355,jumbo,2023-06-07,2052-12-31,166469.39,103329.05,3.838,360,ND,purchase,D,25,120k+,current,0,Meridian Loan Servicing,2025-11-29,2025-10-16,partial,origination_sys_b
LN-34588907,BR-042315,fha,2021-06-18,2041-03-05,346980.81,106405.65,4.437,240,AZ,refinance,B,9,40k-75k,current,0,Meridian Loan Servicing,2022-10-05,2025-08-13,complete,manual_spreadsheet
LN-37888939,BR-229331,va,2024-04-12,2039-01-24,109574.87,90768.22,5.688,180,MT,refinance,B,19,75k-120k,current,0,Meridian Loan Servicing,2024-08-29,2025-10-22,missing,origination_sys_b
LN-85249215,BR-777239,fha,2020-05-11,2049-12-05,487779.4,443256.79,0.01,360,AL,refinance,B,14,120k+,delinquent_30,43,Highline Capital Servicing,2021-11-02,2026-02-27,partial,origination_sys_b
LN-50125118,BR-908673,jumbo,2023-06-28,2033-05-06,353412.63,77505.56,8.322,120,IN,cash_out_refinance,B,17,120k+,closed,0,Coastal Trust Servicing,2026-06-06,2026-01-15,partial,origination_sys_a
LN-34519531,BR-011500,va,2024-02-27,2053-09-22,195700.13,53241.42,3.893,360,AZ,purchase,D,9,75k-120k,current,0,Coastal Trust Servicing,2024-05-18,2026-03-18,complete,origination_sys_a
LN-29024180,BR-824837,conventional,2019-10-29,2034-08-11,496454.84,194773.61,5.278,180,MT,cash_out_refinance,D,8,75k-120k,current,0,Meridian Loan Servicing,2020-05-24,2025-12-02,complete,manual_spreadsheet
LN-09549625,BR-647839,fha,2021-03-26,2031-02-02,354330.43,62976.74,4.646,120,MT,refinance,A,8,75k-120k,current,0,Coastal Trust Servicing,2025-03-06,2025-09-12,complete,manual_spreadsheet
LN-99601011,BR-557121,jumbo,2022-07-22,2052-02-15,83971.37,53721.93,7.709,360,LA,cash_out_refinance,B,24,120k+,delinquent_30,39,Coastal Trust Servicing,2024-06-18,2026-04-08,missing,origination_sys_a
LN-14264210,BR-739389,va,2022-04-30,2032-03-08,275892.47,35875.25,8.074,120,MD,cash_out_refinance,D,26,40k-75k,current,0,Coastal Trust Servicing,2024-08-20,2026-07-21,complete,origination_sys_b
LN-69997294,BR-748213,va,2019-09-24,2039-06-11,422735.37,215780.3,7.8,240,SC,refinance,D,5,120k+,current,0,Highline Capital Servicing,2025-01-26,2025-11-01,complete,origination_sys_b
LN-01908250,BR-225400,conventional,2024-01-26,2053-08-21,509029.5,115194.31,6.338,360,AL,cash_out_refinance,A,13,75k-120k,current,0,Highline Capital Servicing,2024-09-15,2026-04-28,partial,origination_sys_b
LN-35927250,BR-996013,jumbo,2019-09-19,2039-06-06,581019.24,351696.8,4.709,240,VA,purchase,D,5,40k-75k,current,0,Highline Capital Servicing,2023-03-14,2025-08-04,complete,origination_sys_b
LN-29723574,BR-315277,va,2021-10-03,2041-06-20,320029.38,40256.61,6.582,240,UT,refinance,D,25,120k+,current,0,Meridian Loan Servicing,2023-09-25,2026-02-23,complete,manual_spreadsheet
LN-30260090,BR-340831,jumbo,2019-02-10,2033-11-23,174713.53,51754.37,4.747,180,WV,cash_out_refinance,C,10,75k-120k,current,0,Coastal Trust Servicing,2019-09-13,2025-12-24,missing,origination_sys_b
LN-49825632,BR-552876,fha,2019-12-27,2034-10-09,151216.34,64061.79,7.456,180,VT,refinance,B,16,120k+,current,0,Coastal Trust Servicing,2022-06-25,2026-06-12,partial,origination_sys_b
LN-23682123,BR-817905,va,2020-02-10,2034-11-23,551524.22,136725.01,4.454,180,NJ,purchase,A,7,40k-75k,current,0,Highline Capital Servicing,2020-08-11,2026-02-02,partial,origination_sys_a
LN-09380596,BR-621662,va,2021-03-29,2031-02-05,151542.69,38147.16,5.466,120,CA,purchase,B,11,75k-120k,current,0,Meridian Loan Servicing,2021-12-23,2026-05-29,partial,origination_sys_a
LN-99307266,BR-270743,jumbo,2021-11-11,2031-09-20,616586.77,181837.26,7.792,120,MA,refinance,D,30,<40k,current,0,Highline Capital Servicing,2024-04-14,2026-07-27,complete,origination_sys_a
LN-48065394,BR-307493,va,2024-05-17,2039-02-28,638977.1,384573.07,4.269,180,MA,cash_out_refinance,D,16,75k-120k,current,0,Coastal Trust Servicing,2026-03-15,2026-06-17,,manual_spreadsheet
LN-07009740,BR-021855,fha,2021-07-01,2051-01-25,580040.74,400134.64,3.691,360,MT,cash_out_refinance,A,12,40k-75k,current,0,Coastal Trust Servicing,2024-06-06,2026-02-14,complete,origination_sys_b
LN-90305345,BR-731041,jumbo,2024-06-03,2053-12-28,483401.28,157695.05,4.283,360,AL,cash_out_refinance,A,21,75k-120k,current,0,Highline Capital Servicing,2024-11-08,2026-01-02,missing,origination_sys_a
LN-05044875,BR-936325,jumbo,2021-07-27,2036-05-09,280471.79,199047.97,5.807,180,CO,refinance,D,15,75k-120k,current,0,Coastal Trust Servicing,2021-10-07,2026-07-05,partial,origination_sys_b
LN-43067823,BR-900645,fha,2021-12-14,2051-07-10,336181.02,299832.66,3.581,360,AZ,purchase,C,16,75k-120k,current,0,Highline Capital Servicing,2023-10-23,2025-07-14,complete,origination_sys_a
LN-45178124,BR-181613,va,2023-04-28,2052-11-21,480998.34,259838.03,5.185,360,AK,cash_out_refinance,A,10,75k-120k,current,0,Coastal Trust Servicing,2023-07-01,2025-12-11,,manual_spreadsheet
LN-62513307,BR-722605,va,2023-01-14,2032-11-22,459510.55,207594.56,4.617,120,HI,cash_out_refinance,C,19,40k-75k,current,0,Meridian Loan Servicing,2025-10-17,2025-12-23,missing,manual_spreadsheet
LN-71663571,BR-343401,conventional,2020-07-23,2030-06-01,329479.26,153893.82,4.148,120,ME,purchase,C,12,120k+,closed,0,Highline Capital Servicing,2021-09-14,2025-12-29,complete,origination_sys_b
,BR-115457,jumbo,2019-06-11,2039-02-26,375634.54,121671.03,6.674,240,AZ,cash_out_refinance,D,25,40k-75k,delinquent_60,74,Highline Capital Servicing,2020-05-15,2026-04-19,partial,origination_sys_a
LN-30196158,BR-108203,fha,2021-08-28,2051-03-24,428554.38,105099.27,8.215,360,DE,cash_out_refinance,A,22,40k-75k,delinquent_30,43,Highline Capital Servicing,2025-06-18,2025-11-03,,manual_spreadsheet
LN-00297857,BR-888678,jumbo,2022-04-17,2032-02-24,604449.41,169373.78,8.282,120,UT,cash_out_refinance,B,28,75k-120k,current,0,Coastal Trust Servicing,2025-01-06,2025-12-27,partial,manual_spreadsheet
LN-75188639,BR-307164,conventional,2022-02-04,2036-11-17,244995.64,30992.19,5.049,180,NH,purchase,C,13,<40k,current,0,Coastal Trust Servicing,2026-04-09,2025-09-10,partial,origination_sys_a
LN-01839249,BR-139574,va,2023-07-11,2053-02-03,338344.15,236324.81,3.637,360,IN,refinance,C,8,120k+,delinquent_30,37,Meridian Loan Servicing,2024-10-23,2025-07-06,complete,manual_spreadsheet
,BR-060492,conventional,2019-08-07,2034-05-20,304115.12,38251.62,3.906,180,OH,cash_out_refinance,D,20,75k-120k,current,0,Highline Capital Servicing,2024-02-29,2025-12-25,complete,origination_sys_a
LN-94583655,BR-220064,conventional,2020-10-21,2035-08-04,305813.94,189536.51,3.627,180,AR,refinance,D,0,<40k,current,0,Highline Capital Servicing,2026-04-04,2025-10-27,complete,manual_spreadsheet
LN-51845789,BR-209229,va,2021-09-11,2041-05-29,407249.55,279596.78,5.171,240,PA,refinance,D,8,40k-75k,current,0,Meridian Loan Servicing,2023-01-01,2026-01-14,missing,manual_spreadsheet
LN-29468739,BR-873651,jumbo,2021-11-28,2041-08-15,458247.38,150832.33,8.4,240,IN,cash_out_refinance,D,22,<40k,closed,0,Coastal Trust Servicing,2025-05-07,2025-08-22,partial,manual_spreadsheet
LN-49247917,BR-535892,fha,2023-08-30,2053-03-25,214154.08,22425.75,7.829,360,TX,refinance,D,21,<40k,current,0,Highline Capital Servicing,2024-02-06,2026-06-26,complete,origination_sys_b
LN-43518841,BR-811065,fha,2022-03-26,2037-01-06,530887.61,100675.24,8.172,180,MS,refinance,D,9,120k+,current,0,Meridian Loan Servicing,2025-07-21,2025-06-18,missing,manual_spreadsheet
LN-48272169,BR-793793,fha,2022-05-05,2051-11-29,88878.05,13520.95,6.522,360,TN,purchase,C,0,40k-75k,current,0,Highline Capital Servicing,2022-08-22,2025-12-02,complete,origination_sys_a
LN-84484579,BR-760980,fha,2022-09-27,2032-08-05,526749.83,143891.48,6.776,120,IL,cash_out_refinance,C,21,120k+,current,0,Coastal Trust Servicing,2026-03-28,2025-07-13,complete,manual_spreadsheet
LN-21694664,BR-933461,conventional,2022-11-07,2052-06-02,352500.65,275956.6,7.361,360,ND,cash_out_refinance,B,28,40k-75k,delinquent_90,91,Meridian Loan Servicing,2025-02-25,2026-05-07,complete,origination_sys_a
LN-20121664,BR-196084,conventional,2021-12-13,2051-07-09,548510.01,464407.18,7.683,360,GA,purchase,A,22,40k-75k,current,0,Coastal Trust Servicing,2022-12-15,2026-06-03,partial,origination_sys_a
LN-36428581,BR-116726,va,2023-06-03,2038-03-16,584741.38,239858.05,7.301,180,KS,cash_out_refinance,D,24,120k+,current,0,Coastal Trust Servicing,2024-01-20,2025-08-29,complete,origination_sys_a
LN-54833670,BR-638759,conventional,2020-09-25,2035-07-09,-23755.52,121003.21,4.359,180,MN,cash_out_refinance,A,22,40k-75k,current,0,Meridian Loan Servicing,2023-09-21,2025-11-12,partial,origination_sys_a
LN-13250636,BR-547797,fha,2021-08-16,2036-05-29,146251.01,116738.88,6.508,180,MN,refinance,C,24,75k-120k,delinquent_30,36,Meridian Loan Servicing,2024-10-14,2025-09-19,missing,origination_sys_a
LN-07493681,BR-192820,conventional,2020-06-05,2049-12-30,233576.44,204954.53,6.215,360,MS,refinance,B,1,40k-75k,current,0,Coastal Trust Servicing,2022-04-16,2026-01-20,missing,origination_sys_b
LN-86521479,BR-723140,jumbo,2022-07-29,2037-05-11,371427.53,282397.88,7.725,180,OK,refinance,B,17,120k+,delinquent_90,82,Highline Capital Servicing,2026-05-08,2025-06-21,complete,origination_sys_b
LN-06730703,BR-056677,fha,2022-10-28,2037-08-10,359332.33,128116.7,5.646,180,ID,purchase,A,0,40k-75k,delinquent_30,33,Highline Capital Servicing,2022-11-18,2025-11-15,partial,origination_sys_a
LN-66861485,BR-971906,jumbo,2019-09-22,2034-07-05,263676.11,216080.03,7.047,180,IA,purchase,D,26,120k+,current,0,Coastal Trust Servicing,2024-01-18,2025-09-06,missing,origination_sys_b
LN-93424052,BR-750704,fha,2023-01-28,2042-10-15,85272.35,66052.81,6.401,240,NE,cash_out_refinance,B,16,<40k,current,0,Coastal Trust Servicing,2023-10-20,2025-07-03,partial,origination_sys_a
LN-94771873,BR-661750,fha,2019-09-01,2039-05-19,83460.58,21249.15,8.421,240,TN,refinance,C,7,75k-120k,current,0,Highline Capital Servicing,2020-04-22,2026-03-21,missing,manual_spreadsheet
LN-37097836,BR-847510,conventional,2020-09-18,2050-04-14,647183.34,518909.48,8.416,360,LA,cash_out_refinance,A,7,<40k,current,0,Highline Capital Servicing,2024-09-26,2026-04-02,missing,manual_spreadsheet
LN-91929362,BR-751375,jumbo,2019-01-15,2048-08-10,147107.76,71783.69,5.106,360,NY,cash_out_refinance,A,3,40k-75k,current,0,Highline Capital Servicing,2025-09-06,2026-07-29,missing,origination_sys_a
LN-76035989,BR-590786,fha,2019-02-07,2038-10-25,512399.79,283062.19,4.408,240,WY,purchase,B,12,120k+,closed,0,Meridian Loan Servicing,2019-03-10,2025-11-14,missing,origination_sys_a
LN-57094311,BR-286658,fha,2020-07-11,2050-02-04,326595.09,102523.64,5.833,360,SD,refinance,D,29,<40k,current,0,Meridian Loan Servicing,2022-11-23,2026-02-20,missing,manual_spreadsheet
LN-36577946,BR-095644,va,2021-09-21,2041-06-08,583033.44,481758.35,6.577,240,SC,cash_out_refinance,C,25,75k-120k,current,0,Highline Capital Servicing,2024-04-25,2026-02-18,missing,manual_spreadsheet
LN-91437362,BR-435608,va,2022-09-12,2042-05-30,575642.53,395322.03,4.747,240,PA,cash_out_refinance,B,29,75k-120k,current,0,Coastal Trust Servicing,2026-04-08,2026-03-25,missing,manual_spreadsheet
LN-47944953,BR-592308,fha,2023-02-26,2033-01-04,343374.91,149342.48,3.784,120,NH,cash_out_refinance,A,25,120k+,delinquent_30,36,Highline Capital Servicing,2025-04-30,2025-11-08,complete,manual_spreadsheet
LN-31175221,BR-561560,fha,2022-07-28,2037-05-10,260292.68,241627.22,4.621,180,WI,purchase,D,10,40k-75k,current,0,Meridian Loan Servicing,2025-02-21,2025-09-20,complete,origination_sys_b
LN-19240468,BR-573349,fha,2022-11-23,2042-08-10,541051.36,383047.07,3.684,240,NE,purchase,D,8,<40k,current,0,Meridian Loan Servicing,2025-03-28,2025-06-28,partial,origination_sys_b
LN-52606477,BR-834491,fha,2024-04-03,2043-12-20,401252.46,108569.86,8.032,240,OH,cash_out_refinance,B,20,<40k,delinquent_30,31,Highline Capital Servicing,2025-05-03,2025-07-26,partial,origination_sys_b
LN-31474445,BR-837214,fha,2021-05-08,2041-01-23,221549.46,209648.86,6.383,240,RI,purchase,C,21,120k+,current,0,Meridian Loan Servicing,2021-07-06,2026-03-25,missing,origination_sys_a
LN-85161533,BR-017069,conventional,2022-11-22,2037-09-04,308175.21,194003.93,8.088,180,CA,refinance,A,5,<40k,current,0,Meridian Loan Servicing,2024-01-20,2026-01-04,missing,origination_sys_a
LN-10667856,BR-871976,conventional,2020-06-01,2040-02-17,428612.8,240652.61,3.512,240,MI,purchase,A,15,<40k,current,0,Meridian Loan Servicing,2022-05-11,2025-12-13,partial,origination_sys_a
LN-71736375,BR-415141,conventional,2023-11-09,2033-09-17,591697.84,498780.66,8.3,120,HI,refinance,A,28,75k-120k,current,0,Highline Capital Servicing,2025-01-07,2026-01-14,missing,origination_sys_b
LN-88689462,BR-833256,jumbo,2021-01-18,2040-10-05,158291.9,31835.14,5.974,240,OH,refinance,A,14,<40k,current,0,Coastal Trust Servicing,2024-12-19,2025-12-31,missing,origination_sys_b
LN-56913305,BR-598606,jumbo,2021-05-03,2041-01-18,352774.23,197756.07,4.786,240,NH,purchase,A,10,40k-75k,delinquent_60,47,Highline Capital Servicing,2021-10-02,2026-04-11,missing,manual_spreadsheet
LN-26943488,BR-615111,va,2024-04-12,2053-11-06,98966.97,61447.24,4.168,360,UT,refinance,B,11,75k-120k,delinquent_30,38,Meridian Loan Servicing,2025-05-25,2026-07-12,complete,origination_sys_a
LN-91057481,BR-146708,conventional,2022-03-27,2032-02-03,636949.35,303880.98,4.925,120,IA,refinance,C,23,120k+,current,0,Coastal Trust Servicing,2024-05-11,2025-06-02,partial,manual_spreadsheet
LN-50601537,BR-003246,fha,2019-11-07,2039-07-25,315001.8,119940.95,7.017,240,SC,purchase,A,2,<40k,current,0,Coastal Trust Servicing,2021-10-12,2026-07-30,missing,origination_sys_b
LN-25389727,BR-336676,fha,2021-01-16,2050-08-12,233347.33,130299.86,3.781,360,CO,refinance,C,3,75k-120k,current,0,Coastal Trust Servicing,2022-03-24,2026-04-24,partial,origination_sys_b
LN-24477764,BR-579705,va,2019-03-22,2038-12-07,132961.93,24815.93,5.982,240,CO,refinance,C,19,<40k,current,0,Highline Capital Servicing,2025-01-22,2026-06-28,partial,manual_spreadsheet
LN-28342032,BR-355413,fha,2023-01-21,2052-08-16,374240.36,330448.75,5.087,360,NH,cash_out_refinance,A,3,<40k,current,0,Meridian Loan Servicing,2023-05-17,2025-06-30,missing,manual_spreadsheet
LN-67580351,BR-606712,conventional,2021-01-31,2030-12-10,628431.12,28675.8,7.888,120,AZ,purchase,B,21,120k+,closed,0,Highline Capital Servicing,2021-12-14,2026-03-11,partial,manual_spreadsheet
LN-15899516,BR-988466,va,2024-06-05,2053-12-30,457737.74,382615.04,5.734,360,MO,purchase,C,5,40k-75k,current,0,Highline Capital Servicing,2024-09-19,2024-09-10,partial,manual_spreadsheet
LN-44583181,BR-494956,jumbo,2022-01-26,2041-10-13,468849.97,480330.68999999994,8.204,240,MI,refinance,C,10,75k-120k,delinquent_60,53,Highline Capital Servicing,2026-04-28,2025-07-11,partial,origination_sys_a
LN-94803614,BR-606232,conventional,2020-04-27,2040-01-13,82434.7,13984.45,4.054,240,LA,cash_out_refinance,C,25,75k-120k,delinquent_90,112,Highline Capital Servicing,2023-01-14,2026-05-21,partial,manual_spreadsheet
LN-47728980,BR-465891,conventional,2023-06-03,2043-02-18,312060.43,52128.56,4.157,240,FL,refinance,C,7,40k-75k,current,0,Meridian Loan Servicing,2024-08-12,2026-07-17,partial,manual_spreadsheet
LN-48716264,BR-854703,conventional,2019-12-27,2049-07-22,118421.29,70842.23,5.095,360,MD,refinance,C,16,120k+,current,0,Highline Capital Servicing,2022-08-01,2025-11-28,partial,origination_sys_b
LN-11995540,BR-986396,va,2020-10-29,2040-07-16,125545.78,20014.7,4.378,240,00,purchase,C,14,<40k,current,0,Highline Capital Servicing,2022-07-22,2026-02-23,complete,origination_sys_a
LN-77179243,BR-427975,fha,2019-06-12,2034-03-25,558649.0,451149.55,5.637,180,OH,cash_out_refinance,C,5,120k+,current,0,Meridian Loan Servicing,2025-05-18,2025-07-17,partial,manual_spreadsheet
LN-22990158,BR-268796,va,2021-02-14,2030-12-24,491753.88,404658.49,5.902,120,MI,refinance,B,6,40k-75k,current,0,Highline Capital Servicing,2023-12-04,2026-03-15,missing,manual_spreadsheet
LN-29726813,BR-949312,fha,2023-04-21,2033-02-27,111882.76,74849.24,5.155,120,MI,refinance,D,16,40k-75k,current,0,Coastal Trust Servicing,2025-10-28,2026-01-27,partial,manual_spreadsheet
LN-74728458,BR-936295,va,2019-03-21,2038-12-06,139428.87,83206.45,7.231,240,NV,refinance,B,6,40k-75k,closed,0,Coastal Trust Servicing,2021-03-20,2025-12-02,missing,origination_sys_a
LN-06416238,BR-621240,va,2024-05-29,2039-03-12,241551.38,105812.91,4.532,180,CO,purchase,A,7,40k-75k,current,0,Coastal Trust Servicing,2025-11-03,2026-01-11,complete,manual_spreadsheet
LN-23508590,BR-693248,fha,2019-08-29,2034-06-11,491164.18,255959.72,5.13,180,NJ,purchase,B,20,120k+,current,0,Highline Capital Servicing,2021-07-07,2026-03-06,missing,origination_sys_b
LN-96293359,BR-038261,conventional,2019-05-26,2039-02-10,607821.23,388432.91,5.716,240,MD,cash_out_refinance,C,28,75k-120k,current,0,Meridian Loan Servicing,2025-09-01,2026-05-23,complete,manual_spreadsheet
LN-99876570,BR-600612,va,2020-12-07,2035-09-20,473116.92,396786.96,5.957,180,VA,refinance,C,4,<40k,delinquent_60,56,Meridian Loan Servicing,2021-05-21,2026-07-20,missing,origination_sys_a
LN-30838197,BR-729075,jumbo,2021-08-27,2051-03-23,516069.5,521951.82,4.668,360,TN,purchase,C,2,40k-75k,current,0,Coastal Trust Servicing,2022-02-24,2025-08-12,missing,origination_sys_a
LN-94908693,BR-409091,va,2021-01-10,2035-10-24,281541.69,130657.02,7.205,180,WA,purchase,C,25,75k-120k,current,0,Highline Capital Servicing,2021-05-30,2025-10-23,complete,origination_sys_a
LN-28110106,BR-202053,conventional,2022-05-15,2051-12-09,474385.59,90788.05,4.314,360,ND,cash_out_refinance,A,17,<40k,current,0,Coastal Trust Servicing,2024-06-30,2026-02-08,missing,origination_sys_b
LN-50239760,BR-924830,va,2020-09-10,2040-05-28,169936.47,144536.98,8.369,240,VA,cash_out_refinance,A,29,120k+,current,0,Meridian Loan Servicing,2020-10-26,2025-06-19,missing,origination_sys_a
LN-80221792,BR-754908,jumbo,2022-11-15,2021-10-11,432476.97,84472.25,7.35,120,MN,purchase,D,14,75k-120k,delinquent_30,37,Coastal Trust Servicing,2023-09-25,2025-11-12,partial,manual_spreadsheet
LN-01467096,BR-907648,conventional,2023-10-27,2053-05-22,166653.58,147662.51,8.271,360,WI,cash_out_refinance,D,27,40k-75k,current,0,Meridian Loan Servicing,2025-01-03,2025-12-19,partial,origination_sys_b
LN-62792604,BR-738758,conventional,2019-02-16,2028-12-25,276860.89,120045.45,4.872,120,AR,cash_out_refinance,D,6,40k-75k,current,0,Meridian Loan Servicing,2021-07-20,2025-12-21,partial,origination_sys_a
LN-85518145,BR-051589,fha,2023-09-26,2033-08-04,535476.42,323809.18,6.929,120,OK,refinance,C,11,75k-120k,delinquent_60,60,Meridian Loan Servicing,2024-12-02,2025-10-25,missing,origination_sys_a
LN-74595435,BR-612022,va,2024-01-06,2053-08-01,525582.11,68705.68,5.695,360,ND,refinance,D,13,75k-120k,delinquent_90,85,Coastal Trust Servicing,2025-03-22,2026-07-04,missing,origination_sys_b
LN-13854025,BR-017273,fha,2024-04-16,2044-01-02,136011.0,102517.61,6.22,240,VA,refinance,B,22,120k+,delinquent_30,32,Meridian Loan Servicing,2024-06-29,2025-09-25,partial,manual_spreadsheet
LN-06377372,BR-991393,va,2021-02-19,2030-12-29,138127.16,85817.87,0.01,120,WY,purchase,D,14,<40k,current,0,Highline Capital Servicing,2025-08-29,2025-07-09,complete,origination_sys_a
LN-44098096,BR-141257,jumbo,2020-08-17,2040-05-04,440173.51,300397.84,8.035,240,UT,purchase,A,20,120k+,closed,0,Coastal Trust Servicing,2022-12-15,2026-05-12,partial,manual_spreadsheet
LN-49527606,BR-901187,conventional,2020-04-19,2040-01-05,455128.51,93965.41,4.703,240,ND,cash_out_refinance,C,17,75k-120k,delinquent_90,118,Meridian Loan Servicing,2025-08-11,2026-04-20,partial,origination_sys_a
LN-81853274,BR-310768,va,2019-02-01,2048-08-27,178450.71,95656.35,7.724,360,FL,refinance,C,5,<40k,current,0,Meridian Loan Servicing,2020-05-05,2025-11-19,partial,manual_spreadsheet
LN-27526875,BR-849540,conventional,2023-12-26,2033-11-03,449565.76,256340.29,3.765,120,NH,purchase,D,17,<40k,current,0,Meridian Loan Servicing,2025-11-24,2026-07-06,missing,manual_spreadsheet
LN-95509268,BR-883319,fha,2020-08-04,2040-04-21,335628.81,47245.47,6.7,240,NM,purchase,D,22,75k-120k,delinquent_30,33,Highline Capital Servicing,2026-02-08,2026-07-04,missing,manual_spreadsheet
LN-94835870,BR-594087,va,2019-09-13,2034-06-26,107518.36,89482.91,3.865,180,WA,purchase,D,23,<40k,delinquent_60,53,Meridian Loan Servicing,2024-05-15,2026-01-20,complete,origination_sys_a
LN-05337392,BR-775563,fha,2020-09-07,2050-04-03,226943.21,141941.41,4.706,360,WA,cash_out_refinance,D,9,120k+,current,0,Highline Capital Servicing,2020-09-26,2025-10-02,complete,origination_sys_b
LN-77509745,BR-566405,va,2022-02-21,2031-12-31,440538.12,290957.19,8.053,120,IN,cash_out_refinance,B,26,75k-120k,current,0,Highline Capital Servicing,2022-06-30,2025-07-15,partial,origination_sys_b
LN-48780025,BR-067477,fha,2021-04-04,2036-01-16,635802.11,188670.74,4.321,180,NY,cash_out_refinance,A,18,40k-75k,current,0,Highline Capital Servicing,2024-02-01,2026-06-17,partial,manual_spreadsheet
LN-63876233,BR-143275,conventional,2019-11-13,2049-06-08,360273.5,249021.7,5.734,360,PA,refinance,D,15,75k-120k,current,0,Meridian Loan Servicing,2020-04-26,2025-08-30,complete,origination_sys_b
LN-01769393,BR-426709,va,2020-11-14,2035-08-28,510233.75,458262.05,7.378,180,AZ,cash_out_refinance,D,7,75k-120k,current,0,Meridian Loan Servicing,2025-09-21,2025-09-24,missing,origination_sys_b
LN-54650738,BR-277621,jumbo,2019-10-28,2034-08-10,234904.88,143349.47,4.653,180,KY,purchase,B,17,75k-120k,current,0,Coastal Trust Servicing,2024-04-23,2026-05-29,complete,manual_spreadsheet
LN-17208787,BR-705512,conventional,2020-04-17,2049-11-11,159693.32,44946.54,4.522,360,NH,purchase,C,6,40k-75k,delinquent_60,60,Meridian Loan Servicing,2022-07-01,2025-08-30,missing,origination_sys_a
LN-45922157,BR-676195,jumbo,2022-07-18,2037-04-30,384023.84,392665.15,6.202,180,TN,cash_out_refinance,D,9,75k-120k,current,0,Coastal Trust Servicing,2024-07-17,2026-04-27,partial,origination_sys_b
LN-64021819,BR-945629,fha,2023-01-30,2037-11-12,134639.68,71891.2,6.678,180,OR,purchase,B,19,120k+,current,0,Coastal Trust Servicing,2026-06-26,2026-04-14,partial,manual_spreadsheet
LN-57843306,BR-033496,jumbo,2022-10-08,2037-07-21,466300.14,411156.76,6.689,180,WY,purchase,D,20,120k+,current,0,Meridian Loan Servicing,2024-06-08,2026-04-01,partial,origination_sys_b
LN-53680511,BR-411372,jumbo,2021-08-22,2031-07-01,576374.53,141492.77,4.975,120,OR,cash_out_refinance,D,7,75k-120k,current,0,Coastal Trust Servicing,2023-07-12,2025-08-12,missing,origination_sys_b
LN-76145207,BR-067993,jumbo,2019-01-15,2033-10-28,397108.93,259833.78,4.607,180,WV,purchase,C,23,120k+,delinquent_30,34,Coastal Trust Servicing,2024-03-18,2026-01-09,complete,manual_spreadsheet
LN-29437500,BR-547772,fha,2022-12-13,2037-09-25,176906.76,58333.81,5.567,180,MD,refinance,B,21,120k+,current,0,Coastal Trust Servicing,2024-12-13,2026-03-16,missing,origination_sys_b
LN-01049763,BR-912787,jumbo,2022-07-14,2042-03-31,132078.46,14137.45,45.0,240,OR,refinance,C,29,120k+,delinquent_30,42,Meridian Loan Servicing,2026-05-24,2026-05-10,complete,manual_spreadsheet
LN-03490158,BR-745952,jumbo,2021-06-21,2031-04-30,-39005.42,141969.86,4.867,120,KY,refinance,A,19,120k+,delinquent_90,107,Coastal Trust Servicing,2023-04-05,2026-03-21,missing,origination_sys_a
LN-68336622,BR-722439,fha,2021-10-27,2031-09-05,305190.68,96174.59,7.601,120,UT,refinance,D,1,40k-75k,current,0,Coastal Trust Servicing,2024-05-09,2026-03-20,complete,origination_sys_a
LN-95042249,BR-170018,conventional,2021-12-03,2031-10-12,199458.86,42362.23,8.425,120,KS,cash_out_refinance,D,22,75k-120k,current,0,Highline Capital Servicing,2025-01-04,2025-06-01,partial,manual_spreadsheet
LN-36238474,BR-123770,va,2021-10-26,2031-09-04,443929.96,81017.35,7.427,120,NM,purchase,A,3,<40k,current,0,Meridian Loan Servicing,2022-11-07,2025-08-02,partial,origination_sys_b
LN-98567196,BR-703108,fha,2023-10-20,2053-05-15,133965.83,65552.07,7.667,360,OR,refinance,D,2,120k+,delinquent_90,99,Coastal Trust Servicing,2025-03-07,2026-06-18,complete,origination_sys_b
LN-79899890,BR-976092,fha,2019-01-16,2028-11-24,445945.92,192304.48,3.871,120,IL,refinance,C,5,40k-75k,current,0,Meridian Loan Servicing,2025-05-08,2025-08-23,partial,origination_sys_a
LN-35372030,BR-991491,conventional,2022-09-25,2032-08-03,617891.49,152732.16,6.748,120,AR,refinance,C,30,<40k,current,0,Highline Capital Servicing,2024-07-07,2026-02-09,partial,manual_spreadsheet
LN-86166268,BR-911385,jumbo,2019-07-11,2034-04-23,142795.43,68368.71,6.404,180,FL,purchase,D,25,40k-75k,current,0,Meridian Loan Servicing,2020-10-24,2025-07-12,partial,manual_spreadsheet
LN-87654593,BR-301024,conventional,2020-11-29,2050-06-25,396333.76,144901.45,5.525,360,LA,purchase,A,8,75k-120k,delinquent_30,43,Coastal Trust Servicing,2025-06-23,2025-06-11,complete,manual_spreadsheet
LN-25253806,BR-839541,jumbo,2022-12-07,2032-10-15,474321.4,249194.85,4.811,120,MT,refinance,B,21,75k-120k,current,0,Coastal Trust Servicing,2023-02-28,2025-09-29,partial,origination_sys_b
LN-48691866,BR-243063,conventional,2019-10-18,2039-07-05,124559.2,103183.11,3.979,240,ME,refinance,B,16,120k+,current,0,Meridian Loan Servicing,2025-01-21,2025-12-01,partial,manual_spreadsheet
LN-18907375,BR-473529,jumbo,2022-12-29,2052-07-24,587378.09,398158.08,5.916,360,AZ,purchase,D,11,120k+,delinquent_90,118,Meridian Loan Servicing,2025-10-13,2025-12-16,missing,origination_sys_b
LN-09329337,BR-803883,jumbo,2023-08-10,2043-04-27,105538.97,94618.89,7.893,240,NH,purchase,A,11,<40k,current,0,Highline Capital Servicing,2024-06-12,2025-09-14,complete,manual_spreadsheet
LN-90682621,BR-716895,va,2021-01-07,2035-10-21,268361.03,79861.36,7.946,180,IA,cash_out_refinance,A,25,75k-120k,current,0,Coastal Trust Servicing,2024-08-11,2025-12-08,complete,origination_sys_b
LN-98668471,BR-801945,fha,2023-11-01,2033-09-09,540243.96,266064.11,3.964,120,NY,cash_out_refinance,A,16,<40k,delinquent_30,38,Coastal Trust Servicing,2023-11-16,2026-05-22,complete,manual_spreadsheet
LN-68863497,BR-884735,fha,2022-03-06,2051-09-30,165844.17,113748.8,4.477,360,WI,refinance,B,10,75k-120k,current,76,Highline Capital Servicing,2026-05-15,2026-07-01,complete,origination_sys_a
LN-10023271,BR-919443,jumbo,2022-08-02,2042-04-19,195481.49,166307.47,7.043,240,OH,purchase,D,9,75k-120k,delinquent_60,66,Coastal Trust Servicing,2026-06-28,2026-06-23,missing,origination_sys_b
LN-95617730,BR-642807,va,2019-06-11,2034-03-24,111700.87,61240.86,4.599,180,SD,purchase,A,25,120k+,current,0,Meridian Loan Servicing,2022-07-21,2026-06-02,partial,origination_sys_b
LN-07801828,BR-879146,conventional,2019-10-19,2049-05-14,610882.99,397288.89,3.961,360,WI,purchase,B,25,75k-120k,current,0,Meridian Loan Servicing,2023-02-06,2025-09-18,partial,manual_spreadsheet
LN-67509507,BR-981516,fha,31/02/2021,2051-12-07,287649.05,99318.48,5.782,360,IA,cash_out_refinance,B,15,75k-120k,delinquent_30,43,Coastal Trust Servicing,2022-08-13,2025-12-29,complete,origination_sys_a
LN-04697885,BR-753482,jumbo,2019-08-29,2034-06-11,175406.1,132476.33,3.59,180,MT,refinance,D,27,75k-120k,current,0,Highline Capital Servicing,2019-10-19,2026-01-11,complete,manual_spreadsheet
LN-81651828,BR-491524,jumbo,2024-06-03,2053-12-28,295246.35,100533.94,4.807,360,IN,cash_out_refinance,B,6,<40k,current,0,Highline Capital Servicing,2026-06-12,2025-08-01,partial,manual_spreadsheet
LN-02321292,BR-382851,va,2022-04-15,2051-11-09,404854.52,156711.56,8.407,360,NV,refinance,A,4,75k-120k,current,0,Meridian Loan Servicing,2022-12-13,2025-12-21,complete,origination_sys_b
LN-79729067,BR-597887,va,2023-03-15,2037-12-26,346579.05,128276.55,4.335,180,SC,purchase,D,18,40k-75k,current,0,Meridian Loan Servicing,2024-05-15,2026-03-14,partial,origination_sys_a
LN-43274270,BR-255285,va,2024-02-06,2023-01-02,271778.72,143482.04,4.396,360,NY,purchase,B,6,<40k,current,0,Coastal Trust Servicing,2026-05-16,2026-02-08,partial,origination_sys_b
LN-39311941,BR-096085,jumbo,2019-08-24,2039-05-11,573555.32,528712.36,3.986,240,MO,refinance,D,22,<40k,current,0,Highline Capital Servicing,2026-05-28,2025-11-19,missing,origination_sys_a
LN-42495301,BR-113605,jumbo,2020-12-02,2050-06-28,207777.9,80564.12,6.338,360,NH,purchase,C,29,75k-120k,current,0,Coastal Trust Servicing,2026-03-06,2025-12-13,complete,manual_spreadsheet
LN-01360962,BR-878094,va,2023-09-26,2043-06-13,286289.78,106007.24,5.532,240,OK,cash_out_refinance,D,24,<40k,current,0,Meridian Loan Servicing,2025-08-28,2026-01-26,missing,manual_spreadsheet
LN-89994241,BR-248687,va,2021-08-29,2036-06-11,616805.44,323322.44,6.473,180,KY,cash_out_refinance,C,16,120k+,closed,0,Coastal Trust Servicing,2025-10-25,2025-10-29,partial,origination_sys_b
LN-88289867,BR-103416,va,2022-06-21,2042-03-08,546980.93,225322.64,0.01,240,WV,cash_out_refinance,D,10,40k-75k,closed,0,Coastal Trust Servicing,2025-12-19,2025-11-29,partial,origination_sys_b
LN-95351595,BR-162637,conventional,2023-12-03,2033-10-11,215103.33,57213.16,6.983,120,LA,purchase,D,7,120k+,current,0,Meridian Loan Servicing,2024-01-28,2026-07-01,partial,origination_sys_a
LN-18845845,BR-289462,jumbo,2020-12-21,2030-10-30,491375.11,305450.93,7.819,120,WV,purchase,B,6,40k-75k,current,0,Highline Capital Servicing,2023-03-06,2025-11-08,missing,manual_spreadsheet
LN-80806445,BR-651255,jumbo,2021-08-29,2041-05-16,143531.83,63808.51,5.879,240,SD,refinance,B,16,40k-75k,delinquent_30,41,Meridian Loan Servicing,2026-07-01,2025-10-24,complete,origination_sys_b
LN-95239967,BR-641478,jumbo,2019-06-28,2039-03-15,223418.36,43336.57,5.171,240,WI,refinance,A,15,<40k,current,0,Coastal Trust Servicing,2025-07-25,2026-05-28,missing,origination_sys_a
LN-11436526,BR-699245,conventional,2024-04-12,2039-01-24,421837.11,314993.32,5.172,180,VT,cash_out_refinance,A,15,<40k,delinquent_30,44,Meridian Loan Servicing,2026-01-15,2026-03-19,partial,manual_spreadsheet
LN-25647510,BR-283293,va,31/02/2021,2030-11-23,585275.18,148736.34,6.95,120,AL,refinance,C,19,40k-75k,current,0,Highline Capital Servicing,2022-01-27,2026-02-26,missing,origination_sys_a
LN-63929473,BR-689985,va,2022-06-12,2032-04-20,187811.06,40033.69,8.483,120,PA,purchase,A,6,40k-75k,current,0,Coastal Trust Servicing,2022-08-19,2026-07-11,partial,manual_spreadsheet
LN-71329019,BR-641068,fha,2023-12-23,2043-09-09,328356.86,76168.81,5.291,240,MT,refinance,C,0,40k-75k,delinquent_60,58,Meridian Loan Servicing,2025-03-17,2024-02-14,missing,manual_spreadsheet
LN-49019625,BR-902265,conventional,2022-04-29,2032-03-07,537850.15,385153.56,7.29,120,VT,refinance,B,25,<40k,delinquent_30,30,Highline Capital Servicing,2025-04-15,2026-05-16,complete,manual_spreadsheet
LN-49374428,BR-918362,conventional,2019-03-08,2033-12-19,598727.14,540334.25,5.374,180,CO,cash_out_refinance,B,15,40k-75k,closed,0,Coastal Trust Servicing,2021-04-15,2026-05-29,missing,origination_sys_a
,BR-300557,va,2021-06-13,2041-02-28,565612.54,255176.49,7.725,240,KY,cash_out_refinance,D,12,<40k,delinquent_60,61,Coastal Trust Servicing,2025-12-05,2025-09-03,partial,origination_sys_a
LN-05627090,BR-949336,fha,2023-08-16,2043-05-03,372124.29,264406.89,5.341,240,MI,cash_out_refinance,A,27,<40k,delinquent_30,44,Coastal Trust Servicing,2024-05-16,2026-06-13,missing,origination_sys_a
LN-25127151,BR-258440,jumbo,2021-07-03,2051-01-27,522299.58,362987.07,3.811,360,ME,refinance,C,19,75k-120k,delinquent_30,37,Coastal Trust Servicing,2026-03-03,2026-02-08,partial,manual_spreadsheet
LN-16348135,BR-301446,conventional,2022-11-10,2052-06-05,343251.72,248727.45,5.378,360,DE,purchase,B,15,40k-75k,delinquent_30,44,Coastal Trust Servicing,2025-07-25,2026-01-05,partial,origination_sys_b
LN-19603932,BR-239834,fha,2020-02-09,2029-12-18,616890.87,157627.66,8.291,120,NV,cash_out_refinance,B,6,75k-120k,delinquent_90,87,Coastal Trust Servicing,2025-07-13,2025-10-20,missing,origination_sys_b
LN-04720096,BR-570742,jumbo,2021-04-29,2020-03-25,399479.71,113863.17,6.28,120,AZ,cash_out_refinance,B,27,<40k,current,0,Coastal Trust Servicing,2025-02-19,2025-07-17,partial,origination_sys_a
LN-50320406,BR-162252,conventional,2021-12-08,2041-08-25,448350.98,416617.94,4.425,240,AL,cash_out_refinance,B,17,120k+,current,0,Coastal Trust Servicing,2022-11-20,2025-09-09,missing,origination_sys_a
LN-44728102,BR-502742,va,2022-02-20,2036-12-03,381081.6,270252.56,4.244,180,NE,refinance,C,27,<40k,delinquent_90,101,Highline Capital Servicing,2024-09-25,2026-07-01,missing,manual_spreadsheet
LN-65654825,BR-356393,fha,2020-02-02,2034-11-15,514126.51,226534.25,8.414,180,OR,cash_out_refinance,C,7,<40k,current,0,Highline Capital Servicing,2023-10-16,2026-07-07,partial,origination_sys_b
LN-05537536,BR-808658,fha,2020-09-28,2035-07-12,191711.0,136636.95,4.715,180,WY,cash_out_refinance,B,8,120k+,delinquent_90,112,Coastal Trust Servicing,2026-03-30,2026-06-24,complete,origination_sys_a
LN-96054385,BR-350235,va,2024-01-24,2033-12-02,209137.16,161742.41,6.879,120,ZZ,cash_out_refinance,D,20,75k-120k,current,0,Highline Capital Servicing,2025-06-21,2025-06-28,partial,manual_spreadsheet
LN-76226242,BR-431938,va,2022-10-18,2032-08-26,110843.69,72084.15,4.388,120,AR,refinance,B,2,120k+,current,0,Highline Capital Servicing,2024-03-13,2026-04-23,partial,manual_spreadsheet
LN-39033128,BR-500211,fha,2019-07-24,2039-04-10,158254.18,116771.6,7.048,240,NC,refinance,D,13,40k-75k,current,0,Meridian Loan Servicing,2025-01-19,2026-02-26,missing,manual_spreadsheet
LN-97597401,BR-653968,va,2022-11-17,2032-09-25,524266.8,440631.46,6.402,120,WY,refinance,C,19,<40k,current,0,Highline Capital Servicing,2023-08-15,2025-06-21,partial,origination_sys_a
LN-39809047,BR-732407,fha,2022-12-11,2037-09-23,280267.89,22368.84,4.044,180,OK,cash_out_refinance,D,9,75k-120k,closed,0,Meridian Loan Servicing,2025-07-09,2025-09-19,complete,origination_sys_b
LN-27143812,BR-043541,jumbo,2021-07-04,2036-04-16,630863.18,516205.09,5.129,180,MI,purchase,D,14,40k-75k,current,0,Meridian Loan Servicing,2025-04-15,2026-01-14,complete,origination_sys_b
LN-98995053,BR-979058,jumbo,2022-07-12,2021-06-07,506012.15,418787.1,7.848,360,RI,purchase,B,7,75k-120k,delinquent_30,31,Meridian Loan Servicing,2025-09-30,2025-11-30,complete,manual_spreadsheet
LN-30838851,BR-872116,jumbo,2024-02-26,2038-12-09,89517.86,19221.0,7.249,180,MI,cash_out_refinance,C,23,<40k,current,0,Coastal Trust Servicing,2024-03-22,2026-05-25,complete,manual_spreadsheet
LN-57061332,BR-922373,va,2019-03-12,2038-11-27,119229.68,34744.39,4.468,240,VT,purchase,A,18,75k-120k,delinquent_90,94,Meridian Loan Servicing,2023-09-28,2026-03-06,partial,origination_sys_a
LN-08376568,BR-896544,va,2021-07-12,2051-02-05,98812.76,39550.23,5.403,360,CT,refinance,D,19,120k+,current,0,Highline Capital Servicing,2021-09-25,2026-01-12,partial,manual_spreadsheet
LN-79678576,BR-526428,va,2019-07-13,2049-02-05,622548.65,466138.61,6.718,360,AK,cash_out_refinance,C,23,75k-120k,current,0,Meridian Loan Servicing,2023-11-08,2026-06-26,partial,manual_spreadsheet
LN-93049335,BR-384831,fha,2023-01-09,2042-09-26,609003.56,128136.56,5.751,240,PA,cash_out_refinance,B,13,<40k,delinquent_60,55,Meridian Loan Servicing,2026-07-25,2025-09-12,missing,origination_sys_b
LN-98740658,BR-056089,jumbo,2023-06-02,2033-04-10,149130.2,86392.09,6.951,120,TX,purchase,A,11,120k+,delinquent_60,68,Highline Capital Servicing,2026-03-03,2025-06-14,partial,origination_sys_a
LN-54679304,BR-235376,fha,2019-06-23,2039-03-10,462484.01,256898.77,4.246,240,MN,purchase,B,11,120k+,current,0,Meridian Loan Servicing,2025-11-08,2025-07-24,missing,manual_spreadsheet
LN-34787443,BR-111724,va,2021-07-30,2041-04-16,496445.99,141452.16,5.996,240,RI,purchase,C,27,75k-120k,current,0,Coastal Trust Servicing,2024-08-29,2026-02-09,partial,origination_sys_a
LN-10026845,BR-181045,fha,2022-01-04,2036-10-17,292520.91,127612.57,4.554,180,KS,cash_out_refinance,A,6,<40k,current,0,Meridian Loan Servicing,2026-04-19,2025-11-27,missing,origination_sys_b
LN-23341167,BR-925154,fha,2022-02-14,2036-11-27,102575.17,41523.97,4.952,180,MS,purchase,D,7,40k-75k,current,0,Meridian Loan Servicing,2022-11-22,2025-12-09,missing,origination_sys_a
LN-66848603,BR-467754,fha,2019-06-19,2049-01-12,447529.8,230889.25,3.871,360,FL,cash_out_refinance,C,6,75k-120k,current,0,Coastal Trust Servicing,2023-01-16,2026-03-18,complete,origination_sys_b
LN-16571584,BR-348211,jumbo,2020-05-22,2030-03-31,119164.51,79737.55,7.95,120,NJ,purchase,C,10,<40k,current,0,Highline Capital Servicing,2023-06-11,2026-01-22,complete,manual_spreadsheet
LN-87521251,BR-915056,jumbo,2022-08-10,2042-04-27,231632.8,199150.5,6.556,240,SC,cash_out_refinance,A,6,40k-75k,delinquent_30,31,Coastal Trust Servicing,2025-11-22,2025-08-14,complete,origination_sys_b
LN-34823009,BR-488118,va,2021-07-07,2041-03-24,199778.21,137710.46,8.043,240,ME,refinance,B,0,40k-75k,current,0,Meridian Loan Servicing,2026-03-03,2025-07-16,complete,origination_sys_b
LN-24872223,BR-096394,conventional,2022-12-23,2042-09-09,532036.62,223702.25,7.104,240,AR,refinance,A,25,40k-75k,current,0,Coastal Trust Servicing,2025-12-03,2026-03-19,complete,origination_sys_a
LN-19164330,BR-646079,va,2021-06-23,2041-03-10,141762.79,111793.72,4.109,240,IN,cash_out_refinance,B,13,120k+,current,0,Highline Capital Servicing,2025-07-28,2026-06-14,complete,origination_sys_a
LN-73160341,BR-037310,conventional,2021-11-26,2041-08-13,638898.63,282591.3,6.716,240,CT,cash_out_refinance,C,5,75k-120k,delinquent_90,102,Coastal Trust Servicing,2022-07-15,2026-05-23,partial,origination_sys_a
LN-95521301,BR-171300,va,2020-08-05,2030-06-14,508115.4,389247.27,7.009,120,NV,cash_out_refinance,D,12,75k-120k,current,0,Coastal Trust Servicing,2023-12-05,2025-12-21,missing,origination_sys_a
LN-83614965,BR-991116,conventional,2022-11-16,2037-08-29,344110.14,52108.17,3.992,180,AR,cash_out_refinance,C,28,40k-75k,current,0,Meridian Loan Servicing,2023-06-13,2026-01-21,partial,origination_sys_b
LN-71772138,BR-691939,va,2023-08-25,2038-06-07,585710.48,439019.77,4.295,180,OH,refinance,D,25,<40k,current,0,Highline Capital Servicing,2026-04-21,2025-06-07,partial,origination_sys_a
LN-55694340,BR-588410,va,2020-09-28,2035-07-12,432875.31,141991.81,4.392,180,ME,cash_out_refinance,A,0,40k-75k,current,0,Meridian Loan Servicing,2021-02-21,2026-05-05,partial,origination_sys_a
LN-13848952,BR-194777,va,2019-02-08,2048-09-03,630921.59,521807.01,6.997,360,IA,cash_out_refinance,A,25,40k-75k,delinquent_30,42,Coastal Trust Servicing,2025-07-27,2025-10-20,complete,origination_sys_b
LN-54992629,BR-460632,conventional,2022-08-20,2037-06-02,633040.42,264247.17,7.127,180,UT,cash_out_refinance,B,21,<40k,delinquent_30,37,Coastal Trust Servicing,2023-09-15,2026-01-05,partial,origination_sys_a
LN-40599566,BR-737457,jumbo,2020-10-01,2050-04-27,490351.47,321546.11,4.126,360,CA,purchase,A,25,75k-120k,delinquent_30,43,Coastal Trust Servicing,2024-10-08,2026-02-09,complete,manual_spreadsheet
LN-31887763,BR-046397,conventional,2023-05-19,2043-02-03,394893.63,409552.83,3.63,240,NE,refinance,C,10,<40k,current,0,Coastal Trust Servicing,2024-09-01,2026-03-26,partial,origination_sys_a
LN-44912184,BR-588991,fha,2021-04-03,2040-12-19,498456.74,469374.8,4.582,240,OH,purchase,B,16,<40k,delinquent_60,45,Highline Capital Servicing,2021-08-10,2025-07-04,missing,manual_spreadsheet
LN-91943528,BR-820692,conventional,2022-09-01,2037-06-14,281383.72,61450.97,7.988,180,OH,cash_out_refinance,D,5,40k-75k,current,0,Meridian Loan Servicing,2025-02-01,2025-08-11,missing,origination_sys_b
LN-82453000,BR-010254,fha,2023-05-20,2043-02-04,463799.31,430222.61,6.089,240,NV,purchase,D,20,120k+,current,0,Coastal Trust Servicing,2025-11-17,2026-02-16,missing,manual_spreadsheet
LN-69266273,BR-103882,jumbo,2020-01-28,2034-11-10,512908.32,364515.47,3.51,180,AL,cash_out_refinance,C,3,40k-75k,current,0,Meridian Loan Servicing,2022-09-14,2025-09-16,partial,origination_sys_b
LN-12948610,BR-377857,jumbo,2020-11-14,2050-06-10,405598.08,339410.84,7.077,360,NJ,refinance,D,15,120k+,delinquent_30,42,Highline Capital Servicing,2021-08-01,2026-05-15,complete,manual_spreadsheet
LN-24612403,BR-537458,jumbo,2021-09-10,2051-04-06,454080.61,381666.66,7.641,360,IA,refinance,A,17,<40k,current,0,Highline Capital Servicing,2024-12-08,2026-03-21,missing,origination_sys_b
LN-85691962,BR-313231,fha,2023-05-15,2043-01-30,494911.17,453317.56,6.418,240,NH,purchase,C,8,<40k,current,0,Highline Capital Servicing,2024-08-23,2026-02-04,missing,origination_sys_b
LN-71520836,BR-776298,jumbo,2023-10-02,2053-04-27,590951.07,557167.47,7.294,360,ND,cash_out_refinance,D,14,120k+,closed,0,Coastal Trust Servicing,2026-07-28,2025-07-09,missing,manual_spreadsheet
LN-07602764,BR-997214,jumbo,2024-06-13,2039-03-27,447276.35,83701.16,6.187,180,AL,refinance,A,30,<40k,current,0,Coastal Trust Servicing,2025-04-27,2026-06-15,missing,origination_sys_b
LN-28902541,BR-014721,jumbo,2021-04-17,2050-11-11,126636.67,75263.63,7.383,360,VT,refinance,C,7,<40k,closed,0,Highline Capital Servicing,2022-08-30,2026-06-30,complete,origination_sys_b
LN-86802729,BR-514685,fha,2023-09-17,2053-04-12,455862.0,133669.61,4.806,360,OR,purchase,C,14,<40k,current,0,Highline Capital Servicing,2024-05-22,2026-05-03,complete,manual_spreadsheet
LN-89680713,BR-080227,va,2020-01-28,2029-12-06,133149.38,78277.95,4.489,120,GA,refinance,D,25,120k+,closed,0,Highline Capital Servicing,2020-05-23,2025-07-13,missing,origination_sys_b
LN-82618960,BR-017627,va,2020-03-06,2049-09-30,158701.24,138435.38,7.856,360,ID,purchase,C,8,40k-75k,current,0,Coastal Trust Servicing,2024-12-06,2025-07-08,partial,manual_spreadsheet
LN-71816667,BR-374758,va,2024-04-21,2039-02-02,506509.79,323808.27,5.073,180,NH,refinance,B,12,40k-75k,current,0,Coastal Trust Servicing,2026-02-06,2025-11-09,missing,origination_sys_b
LN-71332302,BR-693650,conventional,2019-05-03,2029-03-11,233735.56,100451.43,8.13,120,NY,refinance,A,27,120k+,delinquent_30,40,Coastal Trust Servicing,2025-01-13,2025-09-02,complete,manual_spreadsheet
LN-17442723,BR-723204,jumbo,2022-11-06,2052-06-01,540728.27,347901.66,6.342,360,NC,purchase,D,9,120k+,delinquent_30,43,Meridian Loan Servicing,2025-05-30,2025-12-01,partial,origination_sys_b
LN-86351080,BR-138314,conventional,2023-07-02,2038-04-14,363198.28,161754.41,7.278,180,AR,cash_out_refinance,B,4,75k-120k,current,104,Highline Capital Servicing,2023-09-03,2026-04-30,partial,manual_spreadsheet
LN-21301087,BR-972659,va,2019-10-21,2049-05-16,622753.52,400752.1,8.239,360,GA,refinance,C,4,40k-75k,delinquent_90,120,Highline Capital Servicing,2020-10-26,2026-01-31,partial,manual_spreadsheet
LN-73687817,BR-748688,jumbo,2024-02-08,2023-01-04,404848.02,134805.32,7.147,240,ND,purchase,B,27,40k-75k,current,0,Coastal Trust Servicing,2024-11-20,2026-05-24,complete,origination_sys_a
LN-92069293,BR-305201,conventional,2020-03-12,2034-12-24,304658.83,117046.44,5.251,180,FL,cash_out_refinance,B,17,40k-75k,current,0,Meridian Loan Servicing,2025-07-17,2025-12-27,missing,origination_sys_b
LN-78471632,BR-926817,jumbo,2022-10-22,2042-07-09,414967.65,334359.39,6.1,240,IN,cash_out_refinance,D,24,40k-75k,delinquent_90,83,Meridian Loan Servicing,2024-09-26,2026-01-13,complete,origination_sys_a
LN-69638637,BR-824332,conventional,2019-01-25,2033-11-07,296232.6,158111.32,5.28,180,AL,cash_out_refinance,B,2,120k+,delinquent_30,31,Meridian Loan Servicing,2019-05-29,2026-04-18,missing,manual_spreadsheet
LN-96982033,BR-876493,conventional,2021-01-10,2030-11-19,351496.44,271301.26,6.127,120,NE,cash_out_refinance,A,0,<40k,current,0,Highline Capital Servicing,2021-11-14,2025-07-24,complete,origination_sys_a
LN-15634020,BR-367679,conventional,2022-02-22,2051-09-18,128673.16,105109.4,5.801,360,NH,cash_out_refinance,A,6,40k-75k,delinquent_30,38,Meridian Loan Servicing,2022-03-22,2025-11-25,missing,manual_spreadsheet
LN-09712046,BR-465736,va,2022-01-07,2031-11-16,532788.46,114994.12,8.247,120,AL,cash_out_refinance,C,18,<40k,delinquent_60,47,Highline Capital Servicing,2023-11-24,2025-11-20,complete,origination_sys_b
LN-45919260,BR-796269,va,2022-06-20,2052-01-14,180306.04,133265.73,8.033,360,GA,purchase,D,28,120k+,current,0,Highline Capital Servicing,2026-03-07,2025-08-05,complete,origination_sys_b
LN-84948584,BR-589895,jumbo,2022-05-23,2037-03-05,569239.03,103251.97,4.854,180,CA,purchase,A,12,120k+,current,0,Highline Capital Servicing,2025-12-25,2026-06-21,complete,origination_sys_b
LN-24015817,BR-365189,jumbo,2020-08-16,2030-06-25,367282.12,153857.38,6.233,120,LA,refinance,A,9,<40k,current,0,Highline Capital Servicing,2022-11-16,2025-11-10,partial,origination_sys_b
LN-10979691,BR-997138,fha,2019-05-20,2048-12-13,292763.85,82438.51,8.445,360,GA,purchase,A,0,75k-120k,current,0,Highline Capital Servicing,2025-01-20,2026-03-29,missing,origination_sys_b
LN-05788345,BR-466229,conventional,2023-06-02,2033-04-10,289423.81,240053.24,7.606,120,KS,cash_out_refinance,D,10,40k-75k,current,0,Meridian Loan Servicing,2026-04-22,2025-12-12,partial,origination_sys_b
LN-97840238,BR-724977,conventional,2023-02-08,2042-10-26,431423.5,160616.58,7.148,240,TX,refinance,C,28,75k-120k,closed,0,Meridian Loan Servicing,2025-04-11,2026-07-23,missing,origination_sys_b
LN-87787235,BR-452540,fha,2019-06-18,2049-01-11,215866.1,38022.36,5.945,360,MS,purchase,A,8,<40k,current,0,Coastal Trust Servicing,2026-03-28,2025-12-01,missing,manual_spreadsheet
LN-17558881,BR-370618,fha,2021-08-20,2036-06-02,318410.98,110653.63,6.809,180,AL,refinance,C,30,75k-120k,current,0,Highline Capital Servicing,2023-12-27,2025-08-22,partial,origination_sys_b
LN-32452006,BR-736476,jumbo,2019-05-26,2039-02-10,553127.21,211991.13,7.259,240,MT,refinance,D,23,120k+,current,0,Highline Capital Servicing,2023-11-22,2025-12-12,partial,origination_sys_b
LN-14331405,BR-541541,va,2024-06-15,2054-01-09,106715.29,69378.78,4.995,360,LA,purchase,B,0,120k+,current,0,Meridian Loan Servicing,2026-05-19,2026-04-25,missing,manual_spreadsheet
LN-64603438,BR-452802,fha,2021-01-10,2030-11-19,316067.83,137102.13,3.945,120,VT,purchase,B,7,<40k,current,0,Meridian Loan Servicing,2021-08-20,2025-09-27,complete,manual_spreadsheet
LN-36351016,BR-937539,fha,2020-06-22,2030-05-01,308275.7,226936.18,6.751,120,NJ,cash_out_refinance,A,21,40k-75k,current,0,Highline Capital Servicing,2024-05-21,2025-11-11,partial,origination_sys_b
LN-83856069,BR-369667,conventional,2024-02-15,2053-09-10,634824.78,469563.13,7.375,360,WV,refinance,B,8,120k+,closed,0,Coastal Trust Servicing,2024-12-24,2026-05-31,missing,origination_sys_b
LN-48845147,BR-690819,jumbo,2021-05-12,2036-02-23,417389.37,256972.36,7.566,180,00,purchase,C,27,40k-75k,delinquent_60,62,Meridian Loan Servicing,2022-05-31,2025-08-10,missing,manual_spreadsheet
LN-56873887,BR-410342,fha,2021-07-19,2036-05-01,137489.77,115585.56,6.508,180,UT,refinance,A,16,40k-75k,delinquent_30,42,Highline Capital Servicing,2022-08-09,2025-07-09,missing,origination_sys_a
LN-63955268,BR-085190,va,2021-02-23,2035-12-07,264128.6,99693.46,5.345,180,WI,cash_out_refinance,B,23,40k-75k,current,0,Meridian Loan Servicing,2024-01-14,2025-06-28,complete,manual_spreadsheet
LN-06405236,BR-918464,va,2022-08-03,2052-02-27,93932.79,68077.93,5.216,360,NH,refinance,A,14,40k-75k,current,76,Highline Capital Servicing,2024-08-03,2025-07-15,partial,origination_sys_a
LN-43657586,BR-178939,conventional,2020-11-22,2040-08-09,256691.25,41650.87,4.538,240,KY,purchase,B,18,<40k,current,0,Highline Capital Servicing,2022-08-29,2025-12-26,partial,manual_spreadsheet
LN-85866041,BR-614557,va,2023-10-17,2043-07-04,367420.52,70584.12,5.81,240,CO,refinance,B,2,<40k,delinquent_30,37,Highline Capital Servicing,2026-06-05,2026-05-27,missing,origination_sys_a
LN-00223832,BR-217840,fha,2019-12-30,2029-11-07,554942.97,194081.07,4.282,120,WI,cash_out_refinance,A,20,<40k,delinquent_60,66,Highline Capital Servicing,2021-09-05,2026-04-03,complete,origination_sys_b
LN-34091720,BR-586293,jumbo,2021-03-26,2036-01-07,261909.87,146003.43,6.727,180,NM,refinance,C,9,120k+,current,0,Highline Capital Servicing,2024-04-28,2026-03-07,partial,origination_sys_a
LN-86278377,BR-482802,jumbo,2021-09-08,2036-06-21,395061.79,271523.49,7.174,180,MI,purchase,D,10,120k+,current,0,Meridian Loan Servicing,2023-06-12,2025-10-19,complete,manual_spreadsheet
LN-75947076,BR-797431,jumbo,2021-01-20,2030-11-29,528936.57,123421.95,7.184,120,ND,refinance,B,2,<40k,current,0,Coastal Trust Servicing,2021-12-13,2025-12-01,complete,origination_sys_a
LN-16230014,BR-218007,fha,2020-10-29,2030-09-07,497441.03,329437.91,4.395,120,OK,purchase,A,0,40k-75k,current,0,Highline Capital Servicing,2022-06-29,2026-06-04,partial,manual_spreadsheet
LN-58508668,BR-105529,va,2020-01-25,2018-12-21,174731.49,71243.77,7.258,180,MT,refinance,A,1,120k+,current,0,Coastal Trust Servicing,2021-10-24,2025-11-04,partial,origination_sys_b
LN-86535587,BR-903536,fha,2021-03-28,2050-10-22,638908.99,402069.95,6.354,360,ID,refinance,D,18,40k-75k,current,0,Meridian Loan Servicing,2025-10-06,2026-05-17,complete,origination_sys_b
LN-86197217,BR-622843,conventional,2021-07-06,2036-04-18,358069.73,147808.97,5.267,180,MD,cash_out_refinance,D,2,<40k,current,0,Highline Capital Servicing,2026-05-22,2026-03-04,missing,origination_sys_b
LN-96987676,BR-935474,conventional,2019-12-12,2049-07-07,511918.28,161623.7,4.648,360,MD,refinance,A,27,40k-75k,current,0,Coastal Trust Servicing,2022-08-01,2025-10-18,,manual_spreadsheet
LN-86729676,BR-680619,conventional,2020-05-22,2030-03-31,149143.92,68247.24,3.884,120,IN,purchase,C,5,<40k,current,0,Meridian Loan Servicing,2022-02-08,2025-07-05,complete,manual_spreadsheet
LN-72075110,BR-259401,va,2019-07-23,2039-04-09,166584.43,147890.87,6.522,240,KS,purchase,D,15,75k-120k,current,0,Highline Capital Servicing,2026-01-03,2026-04-23,missing,manual_spreadsheet
LN-33927985,BR-228943,conventional,2019-01-29,2028-12-07,478519.06,173835.33,5.063,120,WA,refinance,C,13,<40k,current,0,Meridian Loan Servicing,2024-04-17,2026-01-24,missing,origination_sys_a
LN-06675857,BR-276121,conventional,2024-01-13,2053-08-08,86153.04,46502.16,3.625,360,RI,cash_out_refinance,B,5,75k-120k,current,0,Coastal Trust Servicing,2024-03-30,2025-10-09,missing,origination_sys_a
LN-01457197,BR-136174,conventional,2019-10-12,2039-06-29,186534.28,105720.54,4.065,240,NV,refinance,D,23,40k-75k,current,0,Coastal Trust Servicing,2019-11-09,2025-08-23,complete,origination_sys_b
LN-71050693,BR-609070,va,2019-07-16,2039-04-02,187617.16,114928.57,7.397,240,AR,cash_out_refinance,C,0,120k+,current,0,Highline Capital Servicing,2023-02-14,2025-09-28,complete,manual_spreadsheet
LN-42447579,BR-636835,va,2020-06-15,2040-03-02,173375.49,121790.84,5.138,240,AL,purchase,D,28,40k-75k,delinquent_90,89,Highline Capital Servicing,2022-04-30,2026-07-06,partial,manual_spreadsheet
LN-52017010,BR-885060,conventional,2022-05-03,2051-11-27,218153.54,72793.11,4.394,360,AZ,refinance,C,2,<40k,current,0,Coastal Trust Servicing,2024-12-18,2026-05-20,missing,manual_spreadsheet
LN-35985959,BR-608720,conventional,2023-08-31,2043-05-18,567840.77,310367.08,5.04,240,MD,cash_out_refinance,A,30,40k-75k,current,0,Coastal Trust Servicing,2024-05-03,2026-05-09,missing,origination_sys_a
LN-47449532,BR-304574,va,2024-02-15,2033-12-24,136885.11,42420.14,5.156,120,NM,refinance,A,4,40k-75k,delinquent_60,74,Coastal Trust Servicing,2024-09-12,2026-05-24,missing,origination_sys_a
LN-18709661,BR-254274,jumbo,2020-05-30,2040-02-15,625633.7,431979.03,8.287,240,SC,cash_out_refinance,B,6,75k-120k,current,0,Coastal Trust Servicing,2025-09-16,2026-05-03,missing,manual_spreadsheet
LN-44773352,BR-625377,va,31/02/2021,2033-11-15,479015.81,351264.38,4.154,180,KS,cash_out_refinance,A,17,120k+,delinquent_60,52,Coastal Trust Servicing,2024-03-06,2026-02-13,partial,origination_sys_a
LN-89601427,BR-161362,va,2023-06-04,2038-03-17,349793.06,233148.7,4.385,180,NE,purchase,D,5,120k+,closed,0,Meridian Loan Servicing,2024-08-21,2025-11-07,complete,origination_sys_b
LN-28901382,BR-936186,va,2021-07-29,2031-06-07,241488.05,258549.46,4.398,120,SD,refinance,D,7,<40k,current,0,Highline Capital Servicing,2021-12-28,2025-11-04,complete,manual_spreadsheet
LN-62589142,BR-296836,conventional,2019-08-16,2029-06-24,637860.42,384827.66,5.301,120,AL,purchase,D,10,<40k,delinquent_30,40,Highline Capital Servicing,2023-10-03,2025-10-07,missing,origination_sys_a
LN-34813107,BR-029924,jumbo,2023-06-21,2038-04-03,568280.32,307956.24,8.199,180,MD,purchase,A,26,<40k,current,0,Highline Capital Servicing,2025-10-19,2025-06-25,complete,origination_sys_b
LN-79681809,BR-570348,va,2021-05-11,2050-12-05,145112.17,134589.77,5.689,360,MN,cash_out_refinance,A,3,<40k,delinquent_30,39,Meridian Loan Servicing,2023-02-22,2025-10-03,complete,origination_sys_a
LN-19649896,BR-115827,va,2023-01-29,2037-11-11,126396.09,115338.34,4.205,180,AZ,refinance,D,24,120k+,delinquent_90,86,Coastal Trust Servicing,2026-06-20,2026-02-02,missing,origination_sys_b
LN-13624289,BR-095178,va,2021-10-31,2041-07-18,173438.2,27451.81,5.785,240,MA,cash_out_refinance,D,22,120k+,current,0,Meridian Loan Servicing,2026-01-21,2025-10-17,partial,manual_spreadsheet
LN-86824036,BR-056753,va,2023-04-16,2038-01-27,418029.04,386924.52,7.587,180,IA,cash_out_refinance,A,7,75k-120k,current,0,Highline Capital Servicing,2023-06-07,2026-05-04,complete,manual_spreadsheet
LN-23490487,BR-002363,va,2020-12-29,2050-07-25,432814.17,56587.99,8.074,360,ZZ,purchase,B,27,75k-120k,current,0,Highline Capital Servicing,2024-04-04,2026-01-01,partial,origination_sys_a
LN-12277938,BR-746374,fha,2021-10-24,2041-07-11,640120.51,278092.58,5.929,240,KY,cash_out_refinance,C,23,40k-75k,current,0,Highline Capital Servicing,2022-03-28,2025-11-20,complete,origination_sys_a
LN-06878856,BR-126848,fha,2024-04-15,2044-01-01,614780.47,195008.51,7.433,240,MT,refinance,C,21,<40k,delinquent_60,59,Meridian Loan Servicing,2024-06-15,2026-04-24,,manual_spreadsheet
LN-50115382,BR-637298,jumbo,2021-11-24,2041-08-11,233446.82,134930.36,7.027,240,MI,purchase,C,13,<40k,current,0,Highline Capital Servicing,2022-08-18,2025-11-23,missing,origination_sys_b
LN-24055111,BR-336866,conventional,2023-03-12,2037-12-23,92406.37,83108.61,4.934,180,VA,cash_out_refinance,A,15,<40k,current,72,Highline Capital Servicing,2023-06-18,2025-09-13,complete,origination_sys_a
LN-26801061,BR-295760,fha,2023-08-24,2038-06-06,114858.53,29527.64,8.149,180,NY,cash_out_refinance,D,15,120k+,current,0,Highline Capital Servicing,2026-03-12,2025-11-02,complete,origination_sys_b
LN-29138237,BR-191653,fha,2020-12-01,2050-06-27,295160.84,190816.04,7.613,360,OH,cash_out_refinance,B,6,40k-75k,current,0,Meridian Loan Servicing,2021-11-02,2025-09-15,complete,origination_sys_b
LN-03017047,BR-397284,fha,2022-10-22,2032-08-30,257455.85,101282.76,4.037,120,NE,refinance,B,23,75k-120k,current,0,Coastal Trust Servicing,2023-07-27,2026-01-24,partial,manual_spreadsheet
LN-41102795,BR-241312,conventional,2023-12-05,2053-06-30,222071.47,178073.53,6.459,360,VA,cash_out_refinance,C,26,75k-120k,current,0,Meridian Loan Servicing,2025-01-01,2026-07-28,missing,manual_spreadsheet
LN-99471802,BR-918987,jumbo,2020-11-14,2030-09-23,507009.86,179820.02,5.978,120,MS,refinance,C,15,<40k,current,0,Meridian Loan Servicing,2026-07-02,2026-05-03,missing,origination_sys_b
,BR-979606,conventional,2023-04-10,2052-11-03,421496.29,276226.58,5.807,360,VA,purchase,D,7,75k-120k,current,0,Coastal Trust Servicing,2025-08-24,2025-12-10,complete,manual_spreadsheet
LN-16083313,BR-677621,jumbo,2020-05-23,2030-04-01,315755.08,240502.42,5.949,120,QQ,refinance,A,30,75k-120k,current,0,Coastal Trust Servicing,2020-12-22,2026-04-13,partial,origination_sys_b
LN-48498954,BR-734053,conventional,2021-12-03,2031-10-12,278089.9,88624.95,6.978,120,DE,purchase,B,6,75k-120k,current,0,Highline Capital Servicing,2022-12-22,2026-05-13,complete,origination_sys_a
LN-19645885,BR-785555,jumbo,2020-06-18,2040-03-05,610730.6,315047.92,7.198,240,CO,cash_out_refinance,D,29,40k-75k,current,0,Meridian Loan Servicing,2024-05-11,2026-03-31,complete,origination_sys_b
LN-35022912,BR-570421,conventional,2022-07-08,2032-05-16,228126.34,176995.05,6.353,120,00,refinance,B,14,<40k,current,0,Coastal Trust Servicing,2024-07-20,2026-06-26,missing,origination_sys_b
LN-42743627,BR-580209,conventional,2020-04-08,2049-11-02,82525.67,23115.5,4.585,360,WV,purchase,D,6,<40k,current,0,Meridian Loan Servicing,2021-09-12,2025-11-26,partial,manual_spreadsheet
LN-62341570,BR-290886,va,2019-12-23,2049-07-18,253625.41,91165.78,6.028,360,NE,purchase,A,17,75k-120k,current,0,Meridian Loan Servicing,2020-09-10,2025-08-05,missing,origination_sys_a
LN-33269310,BR-248520,fha,2019-07-12,2034-04-24,366434.46,323630.61,8.386,180,NY,cash_out_refinance,A,22,40k-75k,current,0,Coastal Trust Servicing,2026-04-08,2026-04-23,partial,origination_sys_a
LN-27716934,BR-060872,va,2023-09-02,2038-06-15,359623.68,274787.91,5.514,180,NJ,cash_out_refinance,A,14,<40k,current,113,Meridian Loan Servicing,2025-11-25,2026-05-04,partial,origination_sys_a
LN-25107324,BR-420308,jumbo,2020-08-04,2040-04-21,533425.41,233060.18,5.57,240,MN,purchase,B,30,40k-75k,current,0,Coastal Trust Servicing,2024-12-05,2026-02-14,complete,manual_spreadsheet
LN-38526728,BR-489808,jumbo,2022-09-04,2042-05-22,454232.87,13820.31,5.216,240,MI,purchase,A,22,<40k,closed,0,Coastal Trust Servicing,2024-09-25,2026-03-16,missing,origination_sys_b
LN-97395189,BR-521441,va,31/02/2021,2052-08-10,504544.15,258209.01,6.857,360,NE,purchase,D,17,<40k,current,0,Highline Capital Servicing,2023-10-20,2026-04-30,complete,manual_spreadsheet
LN-10096349,BR-491422,fha,2019-10-14,2029-08-22,594357.33,108348.07,8.435,120,MO,refinance,D,15,<40k,delinquent_90,110,Highline Capital Servicing,2020-11-29,2026-03-09,missing,manual_spreadsheet
LN-44334602,BR-557398,jumbo,2022-11-27,2032-10-05,278078.91,12502.38,7.231,120,KS,cash_out_refinance,A,24,75k-120k,closed,0,Coastal Trust Servicing,2025-09-21,2026-03-29,partial,manual_spreadsheet
LN-84397865,BR-538738,jumbo,2019-09-13,2029-07-22,564405.89,377622.26,7.343,120,AL,purchase,A,2,<40k,closed,0,Meridian Loan Servicing,2024-10-02,2026-01-03,complete,manual_spreadsheet
LN-42458606,BR-115930,fha,2021-11-03,2041-07-21,226850.9,130467.91,4.217,240,IL,purchase,C,9,40k-75k,delinquent_30,33,Coastal Trust Servicing,2024-11-16,2026-06-08,missing,origination_sys_b
LN-13375150,BR-156757,fha,2022-09-02,2037-06-15,284323.28,253730.27,7.302,180,FL,purchase,D,21,120k+,current,0,Highline Capital Servicing,2024-11-07,2025-06-22,partial,origination_sys_a
LN-78026955,BR-266001,fha,2022-07-19,2052-02-12,553892.81,129992.07,4.305,360,WI,cash_out_refinance,B,20,120k+,current,0,Coastal Trust Servicing,2022-08-05,2025-09-12,complete,origination_sys_b
LN-03281850,BR-448459,fha,2023-03-21,2052-10-14,218142.83,176299.22,7.316,360,IA,purchase,B,16,120k+,current,0,Highline Capital Servicing,2025-09-02,2026-03-14,partial,origination_sys_a
LN-51817493,BR-380928,jumbo,2021-01-02,2035-10-16,215789.44,51667.22,8.24,180,VT,refinance,A,22,75k-120k,current,0,Highline Capital Servicing,2022-04-15,2026-02-06,partial,origination_sys_b
LN-18148697,BR-831983,jumbo,2023-04-17,2038-01-28,282603.12,95717.78,5.882,180,KS,purchase,C,2,75k-120k,closed,0,Highline Capital Servicing,2025-09-09,2026-02-28,partial,manual_spreadsheet
LN-95520523,BR-073909,va,2021-05-11,2050-12-05,646116.52,257375.35,7.233,360,MN,refinance,B,22,40k-75k,current,0,Meridian Loan Servicing,2025-09-19,2025-06-05,missing,manual_spreadsheet
LN-00887896,BR-450689,fha,2019-11-05,2034-08-18,251372.39,31212.04,5.82,180,MO,purchase,D,24,40k-75k,current,0,Coastal Trust Servicing,2025-07-30,2026-01-18,missing,origination_sys_b
LN-42562548,BR-155897,fha,2022-04-02,2051-10-27,626392.52,461465.44,4.394,360,OR,refinance,A,24,40k-75k,current,0,Coastal Trust Servicing,2023-07-02,2026-04-20,complete,manual_spreadsheet
LN-58052305,BR-155922,conventional,2023-03-24,2033-01-30,574212.99,172466.23,3.756,120,IA,refinance,D,7,<40k,delinquent_60,56,Meridian Loan Servicing,2024-02-11,2026-05-17,missing,origination_sys_a
LN-85344754,BR-117704,jumbo,2021-06-01,2050-12-26,188746.89,72181.11,8.036,360,MA,refinance,C,30,40k-75k,delinquent_60,54,Highline Capital Servicing,2023-11-15,2026-03-24,partial,origination_sys_a
LN-56248223,BR-282047,fha,2022-11-04,2037-08-17,200213.28,92072.72,6.071,180,AL,purchase,B,22,120k+,delinquent_60,59,Highline Capital Servicing,2026-04-03,2026-02-22,complete,manual_spreadsheet
LN-82878620,BR-763231,fha,2023-08-18,2043-05-05,526247.0,201359.59,6.121,240,MS,refinance,C,2,75k-120k,current,0,Meridian Loan Servicing,2025-06-26,2026-01-08,partial,manual_spreadsheet
LN-03407777,BR-713040,conventional,2024-02-15,2053-09-10,166790.22,181597.68,5.711,360,SC,cash_out_refinance,C,6,<40k,current,0,Coastal Trust Servicing,2025-03-09,2026-04-21,complete,origination_sys_b
LN-98289401,BR-612512,va,2020-07-22,2030-05-31,629710.18,375337.99,7.736,120,AL,refinance,A,25,<40k,current,0,Coastal Trust Servicing,2020-09-22,2025-11-11,missing,origination_sys_b
LN-67840522,BR-117253,va,2023-03-29,2022-02-22,431430.61,272391.0,7.178,180,CA,purchase,B,9,40k-75k,current,0,Meridian Loan Servicing,2023-04-09,2025-11-25,complete,manual_spreadsheet
LN-18851844,BR-303079,fha,2024-05-16,2034-03-25,283226.61,111721.81,4.893,120,RI,purchase,B,28,75k-120k,current,0,Meridian Loan Servicing,2024-07-10,2025-11-29,complete,manual_spreadsheet
LN-19552099,BR-984325,va,2023-03-17,2037-12-28,288263.6,92074.64,4.272,180,WA,cash_out_refinance,C,23,<40k,current,0,Meridian Loan Servicing,2024-06-19,2026-07-22,complete,manual_spreadsheet
LN-65830895,BR-415811,fha,2021-04-21,2041-01-06,548044.69,386722.32,5.833,240,HI,purchase,A,19,<40k,current,0,Highline Capital Servicing,2022-09-21,2026-03-30,partial,origination_sys_b
LN-07358695,BR-397475,jumbo,2021-08-21,2036-06-03,403760.05,146143.87,5.385,180,AL,refinance,B,7,120k+,current,0,Highline Capital Servicing,2025-09-23,2025-06-06,complete,origination_sys_b
LN-52638765,BR-235710,jumbo,2023-10-10,2053-05-05,230090.42,189644.48,6.539,360,VA,refinance,D,14,75k-120k,current,0,Meridian Loan Servicing,2026-03-09,2026-01-10,partial,manual_spreadsheet
LN-41852232,BR-685722,va,2020-08-16,2030-06-25,203706.2,65291.82,4.702,120,MS,purchase,D,1,75k-120k,current,0,Meridian Loan Servicing,2022-08-26,2025-07-06,missing,manual_spreadsheet
,BR-442565,jumbo,2023-09-10,2053-04-05,581408.48,408882.61,5.794,360,CA,cash_out_refinance,C,11,120k+,delinquent_60,47,Highline Capital Servicing,2026-05-18,2026-04-14,partial,origination_sys_a
LN-32858595,BR-721693,va,2022-06-02,2051-12-27,133632.61,21375.34,7.952,360,AZ,refinance,B,25,<40k,current,0,Coastal Trust Servicing,2025-03-27,2025-06-11,missing,manual_spreadsheet
LN-35143005,BR-399491,fha,2021-07-23,2051-02-16,537069.64,200963.08,5.425,360,NM,cash_out_refinance,B,17,<40k,current,0,Coastal Trust Servicing,2022-05-13,2025-07-22,missing,origination_sys_a
LN-29564627,BR-397817,conventional,2019-12-07,2049-07-02,512139.74,214984.07,7.031,360,LA,purchase,D,28,120k+,delinquent_60,56,Meridian Loan Servicing,2021-04-27,2025-08-24,missing,origination_sys_b
LN-27823072,BR-730281,jumbo,2021-01-24,2050-08-20,633437.41,590028.72,5.062,360,WY,purchase,D,24,120k+,delinquent_60,69,Meridian Loan Servicing,2024-05-04,2025-10-09,partial,manual_spreadsheet
LN-42297571,BR-818941,jumbo,2023-02-25,2037-12-08,180585.03,85318.54,5.539,180,MA,refinance,D,23,75k-120k,current,0,Coastal Trust Servicing,2025-09-27,2025-08-18,missing,manual_spreadsheet
LN-15637048,BR-451471,va,2024-06-26,2039-04-09,624207.3,336030.94,8.142,180,VT,purchase,C,1,40k-75k,current,0,Highline Capital Servicing,2025-07-17,2025-11-13,complete,origination_sys_a
LN-17011497,BR-442908,va,2020-08-24,2030-07-03,194557.55,7741.11,4.392,120,VT,refinance,B,18,<40k,closed,0,Coastal Trust Servicing,2023-12-11,2025-11-28,complete,manual_spreadsheet
LN-07393920,BR-592430,va,2022-01-26,2031-12-05,357636.02,121096.92,5.42,120,QQ,cash_out_refinance,B,20,<40k,current,0,Coastal Trust Servicing,2023-03-20,2026-01-11,partial,manual_spreadsheet
,BR-176873,jumbo,2019-02-13,2048-09-08,475411.68,408200.6,5.53,360,MA,refinance,A,10,40k-75k,delinquent_30,41,Coastal Trust Servicing,2026-03-28,2026-05-06,complete,origination_sys_b
LN-19794638,BR-290321,jumbo,2019-11-18,2029-09-26,474215.47,284485.39,7.379,120,NH,cash_out_refinance,D,9,75k-120k,current,0,Highline Capital Servicing,2024-01-20,2026-05-26,complete,origination_sys_b
LN-09190347,BR-211958,jumbo,2019-08-14,2039-05-01,147911.25,85138.11,6.779,240,MA,cash_out_refinance,D,19,40k-75k,closed,0,Highline Capital Servicing,2022-05-19,2026-02-10,partial,origination_sys_b
LN-89849054,BR-552818,va,2019-02-21,2028-12-30,298239.14,235900.2,7.326,120,KY,refinance,A,21,<40k,current,0,Coastal Trust Servicing,2024-08-30,2026-02-03,partial,manual_spreadsheet
LN-01697281,BR-628475,conventional,2019-11-23,2029-10-01,192495.04,138881.75,4.036,120,ND,cash_out_refinance,A,5,120k+,delinquent_30,36,Meridian Loan Servicing,2026-02-26,2025-12-10,missing,origination_sys_b
LN-88885492,BR-750586,conventional,2019-03-31,2038-12-16,220367.37,65483.05,5.149,240,TN,cash_out_refinance,A,17,<40k,delinquent_90,116,Highline Capital Servicing,2019-06-04,2026-06-08,complete,origination_sys_a
LN-39295848,BR-569790,jumbo,2020-08-01,2030-06-10,273752.27,252308.81,6.342,120,NE,purchase,B,30,<40k,delinquent_60,67,Meridian Loan Servicing,2023-11-04,2025-11-21,partial,origination_sys_b
LN-51708255,BR-856301,conventional,2023-08-26,2053-03-21,522194.44,432085.27,7.81,360,GA,purchase,B,7,<40k,current,0,Coastal Trust Servicing,2025-02-07,2026-03-17,missing,origination_sys_b
LN-38962253,BR-025636,jumbo,2021-01-26,2050-08-22,632112.45,410330.22,4.853,360,AZ,cash_out_refinance,D,4,75k-120k,delinquent_30,43,Meridian Loan Servicing,2025-07-10,2025-12-18,complete,origination_sys_a
LN-30102838,BR-743350,va,2023-10-01,2038-07-14,93091.15,9611.74,7.776,180,IL,cash_out_refinance,B,9,<40k,closed,0,Coastal Trust Servicing,2024-12-23,2026-02-06,partial,origination_sys_b
LN-91143313,BR-941461,jumbo,2022-07-21,2042-04-07,559027.58,210177.84,6.194,240,CO,purchase,D,10,40k-75k,current,0,Highline Capital Servicing,2023-03-29,2026-03-07,missing,origination_sys_a
LN-97888084,BR-601280,jumbo,2022-06-09,2042-02-24,630193.61,258654.39,6.803,240,OR,refinance,C,14,40k-75k,current,0,Highline Capital Servicing,2026-03-05,2025-08-22,complete,origination_sys_b
LN-78464450,BR-469246,conventional,2019-07-15,2039-04-01,-37511.09,201256.31,7.062,240,CT,purchase,A,9,<40k,current,0,Coastal Trust Servicing,2022-02-12,2026-06-12,missing,origination_sys_b
LN-44632872,BR-122611,jumbo,2020-05-20,2049-12-14,562325.1,451319.62,5.884,360,WY,purchase,D,14,75k-120k,current,0,Highline Capital Servicing,2025-05-20,2026-01-15,missing,origination_sys_b
LN-09540712,BR-875552,conventional,2019-04-09,2034-01-20,647220.47,252665.86,7.291,180,TX,refinance,D,10,40k-75k,current,0,Highline Capital Servicing,2024-11-28,2025-07-18,missing,origination_sys_b
LN-55260993,BR-046652,jumbo,2021-07-04,2051-01-28,111907.29,69850.19,6.724,360,XX,cash_out_refinance,A,16,120k+,delinquent_30,41,Meridian Loan Servicing,2025-07-12,2026-05-16,partial,manual_spreadsheet
LN-95707342,BR-690644,jumbo,2024-02-27,2034-01-05,577671.92,121733.38,4.188,120,UT,purchase,D,28,75k-120k,current,0,Highline Capital Servicing,2026-04-21,2025-11-15,missing,manual_spreadsheet
LN-87056007,BR-186533,va,2023-12-03,2053-06-28,467010.82,217317.2,5.942,360,PA,refinance,A,8,<40k,delinquent_30,38,Coastal Trust Servicing,2025-11-18,2025-08-18,partial,origination_sys_b
LN-41118829,BR-694712,fha,2019-07-21,2029-05-29,458366.05,471852.24,7.767,120,MN,purchase,D,3,120k+,delinquent_30,40,Meridian Loan Servicing,2023-04-10,2026-05-22,complete,origination_sys_a
LN-46642971,BR-775406,conventional,2022-08-29,2037-06-11,572847.7,419544.37,4.998,180,TN,cash_out_refinance,D,19,<40k,delinquent_30,33,Highline Capital Servicing,2022-08-31,2025-01-21,partial,origination_sys_b
LN-08937478,BR-218901,fha,2019-06-03,2034-03-16,574447.29,531151.67,4.949,180,IA,refinance,D,13,40k-75k,delinquent_30,31,Coastal Trust Servicing,2019-12-26,2026-04-02,complete,origination_sys_a
LN-34732745,BR-004525,jumbo,2020-12-14,2035-09-27,300508.7,32880.62,7.706,180,LA,cash_out_refinance,D,23,<40k,delinquent_90,84,Meridian Loan Servicing,2025-03-14,2025-12-03,complete,origination_sys_b
LN-89362575,BR-063849,conventional,2022-06-02,2037-03-15,454068.66,172703.9,6.76,180,IL,refinance,B,22,<40k,current,0,Meridian Loan Servicing,2024-06-05,2025-08-30,missing,origination_sys_a
LN-88507387,BR-864662,jumbo,2021-03-07,2040-11-22,112197.25,117764.01,5.324,240,HI,refinance,B,24,75k-120k,delinquent_60,67,Coastal Trust Servicing,2025-05-19,2025-06-29,missing,origination_sys_b
LN-74969379,BR-371840,fha,2021-06-21,2051-01-15,347223.53,311802.98,6.369,360,IN,cash_out_refinance,A,6,40k-75k,current,0,Highline Capital Servicing,2024-04-29,2026-06-01,missing,origination_sys_a
LN-04016027,BR-605774,va,2021-08-22,2041-05-09,319794.71,261236.01,5.18,240,XX,purchase,B,7,75k-120k,current,0,Highline Capital Servicing,2022-05-14,2025-10-26,missing,manual_spreadsheet
LN-75819731,BR-854383,jumbo,2020-10-23,2050-05-19,460863.11,97158.04,5.002,360,HI,refinance,C,27,120k+,delinquent_60,45,Highline Capital Servicing,2025-06-08,2025-08-17,partial,manual_spreadsheet
LN-99705944,BR-393065,conventional,2021-01-07,2019-12-04,99282.24,36557.6,5.1,240,AL,purchase,A,17,120k+,delinquent_60,48,Highline Capital Servicing,2024-05-08,2025-08-02,partial,origination_sys_b
LN-38727223,BR-425914,fha,2020-06-03,2049-12-28,328087.82,147629.27,4.281,360,VT,refinance,B,16,<40k,current,0,Coastal Trust Servicing,2021-04-03,2026-01-05,partial,origination_sys_a
LN-09123621,BR-468645,va,2020-01-07,2034-10-20,356406.27,275956.25,5.277,180,PA,refinance,D,7,120k+,delinquent_60,52,Highline Capital Servicing,2020-03-12,2025-11-08,missing,manual_spreadsheet
LN-24245342,BR-763631,conventional,2023-03-19,2042-12-04,410942.16,178544.7,7.499,240,SC,cash_out_refinance,C,30,75k-120k,current,0,Highline Capital Servicing,2026-07-31,2026-06-04,partial,origination_sys_a
LN-42602243,BR-908697,jumbo,2024-02-25,2053-09-20,218600.25,102782.79,5.161,360,NY,cash_out_refinance,B,4,40k-75k,current,0,Coastal Trust Servicing,2024-04-06,2026-01-31,missing,origination_sys_a
LN-35235529,BR-216811,fha,2024-02-24,2034-01-02,264501.79,248512.4,4.735,120,AR,refinance,C,7,40k-75k,current,0,Highline Capital Servicing,2026-05-14,2025-09-26,complete,manual_spreadsheet
LN-91175955,BR-734657,jumbo,2021-01-24,2050-08-20,258848.04,46380.62,8.421,360,NJ,refinance,B,1,120k+,current,0,Highline Capital Servicing,2022-04-18,2025-12-20,missing,manual_spreadsheet
LN-95330806,BR-230761,conventional,2023-07-23,2038-05-05,574554.44,132887.49,6.931,180,AK,refinance,B,22,40k-75k,current,0,Coastal Trust Servicing,2024-05-20,2026-03-19,partial,origination_sys_b
LN-67414358,BR-994265,jumbo,2019-10-30,2049-05-25,374572.41,245799.3,6.853,360,NC,cash_out_refinance,C,0,120k+,current,0,Highline Capital Servicing,2023-05-13,2025-11-03,complete,manual_spreadsheet
LN-58904600,BR-106401,conventional,2022-02-01,2031-12-11,287802.79,91980.01,0.01,120,OK,purchase,D,25,<40k,current,0,Meridian Loan Servicing,2024-10-18,2026-01-10,missing,origination_sys_b
LN-32128410,BR-932429,fha,2020-04-04,2049-10-29,404422.55,104305.13,8.389,360,NV,cash_out_refinance,A,13,120k+,delinquent_30,31,Meridian Loan Servicing,2022-06-27,2025-08-27,missing,origination_sys_b
LN-37773109,BR-764919,va,31/02/2021,2041-02-05,460023.82,419063.89,3.695,240,MI,cash_out_refinance,A,0,75k-120k,current,0,Highline Capital Servicing,2024-05-07,2026-03-16,partial,origination_sys_a
LN-51902377,BR-932406,jumbo,2020-03-08,2039-11-24,356125.58,249940.72,7.333,240,DE,purchase,C,20,75k-120k,current,0,Coastal Trust Servicing,2024-06-21,2025-06-24,partial,origination_sys_a
,BR-486063,va,2020-04-18,2040-01-04,89488.17,64058.43,6.619,240,MI,refinance,C,23,<40k,current,0,Coastal Trust Servicing,2022-10-27,2025-06-22,missing,origination_sys_b
LN-57452377,BR-862686,jumbo,2020-03-08,2034-12-20,309966.46,166094.67,5.507,180,KS,cash_out_refinance,A,24,<40k,delinquent_60,56,Coastal Trust Servicing,2020-07-28,2026-06-30,partial,origination_sys_b
LN-74133637,BR-059240,conventional,2020-03-09,2030-01-16,235738.37,29005.13,7.938,120,NE,cash_out_refinance,A,7,<40k,delinquent_90,109,Meridian Loan Servicing,2026-04-21,2026-07-15,partial,origination_sys_b
LN-24932134,BR-145371,va,2022-05-19,2032-03-27,467237.31,225634.26,8.139,120,WV,cash_out_refinance,C,15,75k-120k,current,0,Highline Capital Servicing,2022-08-03,2025-11-14,missing,origination_sys_a
LN-49023908,BR-748382,conventional,2022-07-16,2052-02-09,148247.8,26954.17,5.35,360,NV,refinance,C,30,75k-120k,current,0,Coastal Trust Servicing,2026-03-27,2026-07-02,missing,manual_spreadsheet
LN-06588985,BR-258168,fha,2022-07-20,2037-05-02,421769.2,116906.23,5.721,180,RI,refinance,C,23,40k-75k,delinquent_30,34,Highline Capital Servicing,2023-07-10,2025-10-10,partial,manual_spreadsheet
LN-88016111,BR-335197,conventional,2021-05-03,2031-03-12,481869.14,258779.99,4.539,120,KY,purchase,C,11,<40k,current,0,Meridian Loan Servicing,2024-07-24,2025-10-12,missing,origination_sys_b
,BR-010320,fha,2020-07-13,2035-04-26,576317.83,239653.12,6.783,180,IN,refinance,A,23,40k-75k,delinquent_30,43,Meridian Loan Servicing,2025-02-02,2025-06-04,partial,origination_sys_a
LN-28355162,BR-396426,va,2021-07-13,2036-04-25,218990.38,44533.52,4.842,180,SC,purchase,A,6,120k+,current,0,Highline Capital Servicing,2023-06-22,2026-01-11,missing,origination_sys_b
LN-26862113,BR-972140,fha,2019-11-18,2049-06-13,313055.62,228048.75,5.012,360,IN,cash_out_refinance,B,6,40k-75k,delinquent_30,44,Meridian Loan Servicing,2023-06-16,2025-11-17,missing,manual_spreadsheet
LN-10155876,BR-890376,fha,2019-07-16,2029-05-24,140078.11,85112.49,6.317,120,OH,purchase,C,15,40k-75k,current,0,Highline Capital Servicing,2020-07-04,2026-01-03,partial,manual_spreadsheet
LN-73201968,BR-395619,va,2023-07-04,2022-05-30,92248.59,58029.62,4.024,120,OK,cash_out_refinance,B,27,120k+,current,0,Coastal Trust Servicing,2024-01-23,2025-09-29,complete,origination_sys_b
LN-84637805,BR-661954,va,31/02/2021,2048-10-23,151462.38,136120.2,3.748,360,OH,purchase,D,17,<40k,current,0,Highline Capital Servicing,2025-06-28,2026-04-11,missing,origination_sys_a
LN-90210669,BR-008733,conventional,2019-08-21,2039-05-08,103924.14,14471.91,5.912,240,SD,purchase,C,15,75k-120k,current,0,Coastal Trust Servicing,2023-04-18,2026-05-18,missing,origination_sys_b
LN-17214693,BR-026659,va,2022-07-01,2037-04-13,115973.26,93590.13,5.947,180,MS,refinance,B,20,<40k,current,0,Coastal Trust Servicing,2025-07-04,2025-08-29,partial,origination_sys_b
LN-72439828,BR-363083,fha,2021-01-09,2040-09-26,339077.4,349855.21,6.198,240,MS,purchase,A,27,120k+,current,0,Coastal Trust Servicing,2023-08-18,2025-08-28,complete,manual_spreadsheet
LN-23552217,BR-652104,conventional,2022-04-05,2032-02-12,497095.07,423408.62,7.933,120,UT,purchase,B,10,40k-75k,delinquent_30,31,Meridian Loan Servicing,2024-09-11,2026-07-12,complete,origination_sys_a
LN-73923299,BR-104617,va,2023-07-16,2053-02-08,111098.37,51995.16,45.0,360,WV,refinance,A,10,<40k,current,0,Coastal Trust Servicing,2025-07-26,2025-08-06,complete,manual_spreadsheet
LN-86142507,BR-211607,jumbo,2019-05-31,2029-04-08,83237.39,20348.3,5.895,120,CT,purchase,D,13,75k-120k,delinquent_30,36,Coastal Trust Servicing,2024-02-28,2026-07-14,complete,origination_sys_a
LN-30441146,BR-984771,conventional,2020-08-26,2035-06-09,631111.26,403038.64,5.08,180,NJ,cash_out_refinance,A,12,40k-75k,current,0,Meridian Loan Servicing,2026-01-02,2026-05-07,complete,origination_sys_b
LN-83334299,BR-494870,conventional,2023-11-09,2033-09-17,133361.28,97440.48,6.912,120,MT,cash_out_refinance,C,9,75k-120k,delinquent_30,31,Coastal Trust Servicing,2024-01-02,2026-05-26,missing,origination_sys_b
LN-80016011,BR-220966,jumbo,2021-09-01,2031-07-11,189472.04,178800.26,4.312,120,KS,refinance,D,18,120k+,current,0,Highline Capital Servicing,2026-05-15,2025-12-24,partial,origination_sys_b
LN-87778598,BR-042263,conventional,2019-01-26,2028-12-04,116281.27,104158.8,7.681,120,KY,refinance,C,28,75k-120k,delinquent_30,40,Coastal Trust Servicing,2023-07-05,2025-10-27,partial,origination_sys_a
LN-77454289,BR-807629,jumbo,2020-07-16,2035-04-29,152349.82,21407.88,5.455,180,GA,purchase,D,9,120k+,current,0,Highline Capital Servicing,2024-03-07,2025-08-04,complete,origination_sys_a
LN-38162991,BR-266776,conventional,2019-07-21,2049-02-13,508675.91,366355.48,8.232,360,OH,cash_out_refinance,A,20,120k+,delinquent_30,30,Coastal Trust Servicing,2024-05-09,2026-07-04,missing,manual_spreadsheet
LN-92638223,BR-427366,jumbo,2023-03-15,2042-11-30,338135.4,5082.43,4.743,240,WI,cash_out_refinance,D,1,<40k,closed,0,Coastal Trust Servicing,2025-08-04,2025-09-25,missing,origination_sys_b
LN-20540756,BR-562061,conventional,2019-11-16,2039-08-03,556909.35,492849.34,5.138,240,TX,refinance,A,19,75k-120k,delinquent_30,41,Highline Capital Servicing,2026-04-09,2025-06-25,complete,manual_spreadsheet
LN-86824603,BR-287969,jumbo,2019-05-19,2039-02-03,334740.17,274379.42,4.388,240,NY,cash_out_refinance,A,16,<40k,current,0,Highline Capital Servicing,2025-01-04,2026-06-15,complete,origination_sys_a
LN-15782913,BR-438728,jumbo,2023-04-10,2033-02-16,165553.04,63310.64,4.116,120,ID,cash_out_refinance,D,22,<40k,current,0,Highline Capital Servicing,2023-10-15,2026-04-05,complete,origination_sys_b
LN-24291870,BR-205823,jumbo,2023-06-09,2038-03-22,363178.88,126337.81,3.828,180,VA,cash_out_refinance,C,4,75k-120k,current,0,Meridian Loan Servicing,2025-04-13,2026-02-07,missing,origination_sys_a
,BR-612542,conventional,2022-09-20,2042-06-07,208948.26,44000.81,5.611,240,UT,purchase,B,18,40k-75k,current,0,Meridian Loan Servicing,2024-01-23,2025-12-04,partial,origination_sys_a
LN-96129257,BR-271281,fha,2019-07-28,2029-06-05,216446.48,167452.6,7.781,120,AZ,cash_out_refinance,D,25,40k-75k,current,0,Coastal Trust Servicing,2023-03-06,2025-12-08,missing,origination_sys_b
LN-54541294,BR-951656,fha,31/02/2021,2039-01-17,198103.75,48273.65,5.732,240,MS,purchase,B,2,120k+,current,0,Coastal Trust Servicing,2022-09-18,2025-11-28,partial,manual_spreadsheet
LN-12202218,BR-308803,fha,2022-05-10,2037-02-20,387978.0,303499.29,8.091,180,MA,cash_out_refinance,B,27,40k-75k,current,0,Highline Capital Servicing,2025-06-13,2026-03-06,missing,origination_sys_a
LN-29097545,BR-513434,va,2022-09-28,2032-08-06,524061.16,26213.75,5.631,120,ME,purchase,C,28,40k-75k,closed,0,Meridian Loan Servicing,2022-12-05,2026-06-17,partial,origination_sys_a
LN-29059769,BR-953254,conventional,2021-02-19,2050-09-15,317172.86,60914.16,7.705,360,KY,cash_out_refinance,A,7,120k+,current,0,Highline Capital Servicing,2024-08-17,2025-12-23,complete,origination_sys_b
LN-10093148,BR-384614,va,2019-01-18,2033-10-31,-41630.7,147590.27,8.158,180,KS,purchase,C,28,75k-120k,current,0,Meridian Loan Servicing,2023-10-23,2026-03-25,partial,origination_sys_a
LN-10418764,BR-890267,conventional,2022-03-24,2032-01-31,271114.52,52205.51,8.102,120,OH,purchase,D,17,75k-120k,current,0,Highline Capital Servicing,2024-01-12,2026-04-22,partial,origination_sys_b
LN-21929699,BR-996472,fha,2024-05-02,2053-11-26,-36453.59,206175.73,3.743,360,WA,refinance,D,25,75k-120k,delinquent_30,42,Coastal Trust Servicing,2026-05-25,2025-10-13,missing,manual_spreadsheet
LN-30753458,BR-724329,conventional,2020-05-12,2030-03-21,607110.68,564351.15,3.701,120,ME,purchase,A,9,120k+,current,0,Highline Capital Servicing,2024-05-20,2025-07-11,partial,manual_spreadsheet
LN-14285124,BR-340104,va,2021-08-04,2051-02-28,381201.11,293754.34,7.192,360,CO,cash_out_refinance,A,5,<40k,delinquent_30,38,Highline Capital Servicing,2023-07-27,2025-11-27,complete,manual_spreadsheet
LN-23089040,BR-429477,jumbo,2022-09-09,2042-05-27,114130.63,42938.05,7.89,240,WY,purchase,A,22,40k-75k,current,0,Meridian Loan Servicing,2024-01-28,2025-11-05,complete,manual_spreadsheet
LN-22343959,BR-160625,conventional,2021-07-28,2051-02-21,348931.66,283389.32,7.834,360,KS,refinance,B,8,75k-120k,current,0,Highline Capital Servicing,2025-07-25,2026-02-17,missing,manual_spreadsheet
LN-99538533,BR-758295,va,2019-11-18,2049-06-13,506454.72,341389.7,6.302,360,NC,refinance,A,20,120k+,current,0,Meridian Loan Servicing,2025-03-30,2025-11-01,partial,manual_spreadsheet
LN-02835844,BR-853444,jumbo,2022-07-31,2052-02-24,318295.37,233486.57,7.268,360,VT,cash_out_refinance,A,18,<40k,current,0,Coastal Trust Servicing,2023-08-23,2026-02-27,partial,origination_sys_a
LN-84907483,BR-168477,jumbo,2021-02-18,2040-11-05,151922.36,69833.25,5.925,240,TX,refinance,C,25,120k+,current,0,Highline Capital Servicing,2026-07-20,2026-01-09,partial,origination_sys_a
LN-97639226,BR-768381,jumbo,2020-07-10,2030-05-19,282599.4,160307.56,8.467,120,IN,refinance,C,30,75k-120k,delinquent_60,46,Coastal Trust Servicing,2023-07-17,2025-12-04,partial,origination_sys_b
LN-28690939,BR-897619,jumbo,2023-02-09,2042-10-27,484425.68,190708.05,4.154,240,SD,cash_out_refinance,B,15,120k+,current,0,Coastal Trust Servicing,2024-12-09,2025-12-27,missing,manual_spreadsheet
LN-89804460,BR-674821,va,2023-12-09,2053-07-04,114309.01,38890.17,4.483,360,MS,purchase,A,30,120k+,current,0,Coastal Trust Servicing,2026-04-07,2026-06-12,partial,origination_sys_a
LN-21950116,BR-508416,va,2021-06-04,2041-02-19,207642.48,109765.87,3.68,240,MO,cash_out_refinance,A,11,120k+,delinquent_30,40,Coastal Trust Servicing,2024-02-04,2025-08-11,missing,origination_sys_a
LN-77851942,BR-848176,conventional,2021-09-10,2036-06-23,198651.03,107964.54,6.261,180,CO,cash_out_refinance,D,21,75k-120k,current,0,Coastal Trust Servicing,2025-02-16,2025-09-19,complete,origination_sys_a
LN-55992950,BR-018859,conventional,2022-08-13,2037-05-26,406246.94,282159.55,8.464,180,RI,refinance,D,21,120k+,delinquent_90,79,Coastal Trust Servicing,2025-11-12,2025-07-25,partial,origination_sys_a
LN-82153443,BR-570287,jumbo,2020-03-20,2039-12-06,551442.42,262497.21,5.874,240,FL,cash_out_refinance,A,14,40k-75k,current,0,Meridian Loan Servicing,2024-09-17,2026-06-17,complete,origination_sys_b
LN-66724354,BR-752565,va,2019-04-06,2038-12-22,280925.2,229164.91,7.803,240,CO,purchase,D,14,40k-75k,current,0,Coastal Trust Servicing,2024-09-23,2026-05-02,partial,origination_sys_b
LN-13673827,BR-405122,conventional,2021-10-16,2051-05-12,604014.4,24840.5,5.801,360,CT,cash_out_refinance,A,4,75k-120k,closed,0,Meridian Loan Servicing,2026-03-15,2026-07-07,missing,origination_sys_a
LN-62305396,BR-013338,conventional,2021-07-23,2031-06-01,643375.76,512752.76,7.563,120,NM,purchase,A,23,<40k,current,0,Coastal Trust Servicing,2025-06-11,2025-10-28,partial,origination_sys_b
LN-09779922,BR-846088,conventional,2022-03-07,2036-12-18,132597.04,18772.36,6.803,180,ME,cash_out_refinance,B,13,40k-75k,current,63,Meridian Loan Servicing,2025-04-09,2025-09-28,missing,origination_sys_a
LN-53859093,BR-092502,jumbo,2024-02-26,2038-12-09,621099.21,232491.64,3.917,180,OK,cash_out_refinance,A,25,<40k,current,0,Highline Capital Servicing,2025-02-07,2025-09-15,complete,origination_sys_a
LN-60946188,BR-794440,va,2024-01-06,2043-09-23,505425.19,83741.19,4.783,240,NC,refinance,D,4,75k-120k,delinquent_30,39,Highline Capital Servicing,2024-12-29,2026-07-22,complete,origination_sys_b
LN-75777321,BR-544735,conventional,2019-12-13,2034-09-25,256480.71,55097.94,5.413,180,MS,cash_out_refinance,A,30,<40k,delinquent_30,36,Coastal Trust Servicing,2025-07-18,2026-05-06,missing,origination_sys_b
LN-27029769,BR-774650,va,2020-12-26,2050-07-22,103962.0,83705.7,7.74,360,CA,refinance,A,7,120k+,current,0,Coastal Trust Servicing,2023-11-09,2025-06-24,missing,origination_sys_b
LN-24552894,BR-354040,va,2024-06-28,2039-04-11,314103.01,231099.26,4.6,180,MS,cash_out_refinance,D,4,40k-75k,current,0,Coastal Trust Servicing,2026-04-25,2025-08-13,partial,origination_sys_b
LN-07408471,BR-780442,va,2021-04-21,2031-02-28,469407.15,321095.32,8.37,120,MS,refinance,D,3,120k+,current,0,Highline Capital Servicing,2024-01-03,2025-11-13,complete,origination_sys_b
LN-72820671,BR-197651,jumbo,2021-05-26,2050-12-20,-37988.73,134909.39,8.058,360,LA,cash_out_refinance,A,28,<40k,delinquent_30,42,Meridian Loan Servicing,2025-04-01,2026-03-11,complete,origination_sys_b
LN-89506177,BR-020050,va,2022-04-29,2042-01-14,540636.07,197406.39,5.954,240,TX,purchase,A,27,120k+,current,0,Coastal Trust Servicing,2023-04-08,2026-06-12,missing,origination_sys_a
LN-38114307,BR-158953,fha,2023-02-14,2052-09-09,489413.83,274547.88,5.429,360,AR,purchase,C,7,120k+,current,0,Coastal Trust Servicing,2025-11-09,2026-04-13,complete,origination_sys_a
LN-32659889,BR-840896,va,2023-07-16,2033-05-24,432732.75,345701.29,7.96,120,WI,purchase,A,20,<40k,delinquent_60,46,Highline Capital Servicing,2025-09-20,2025-06-11,partial,manual_spreadsheet
LN-97207364,BR-768683,fha,2020-08-22,2040-05-09,645611.9,82309.01,5.852,240,SC,purchase,C,9,120k+,current,0,Coastal Trust Servicing,2021-03-18,2025-09-27,missing,origination_sys_b
LN-14211673,BR-608859,jumbo,2023-03-12,2037-12-23,112880.5,62151.28,5.142,180,NM,purchase,A,17,75k-120k,current,0,Meridian Loan Servicing,2025-11-28,2025-06-13,partial,origination_sys_a
LN-20693330,BR-114045,va,2021-02-22,2035-12-06,370997.09,194340.33,3.567,180,MS,purchase,B,27,<40k,delinquent_30,37,Coastal Trust Servicing,2024-09-14,2025-11-09,partial,origination_sys_a
LN-02997335,BR-928146,jumbo,2021-11-16,2031-09-25,284548.05,247926.75,6.309,120,PA,refinance,D,7,120k+,current,0,Coastal Trust Servicing,2023-01-05,2026-07-28,complete,manual_spreadsheet
LN-44003814,BR-620658,fha,2024-03-31,2039-01-12,464399.57,370849.86,7.968,180,MO,cash_out_refinance,C,27,40k-75k,current,0,Highline Capital Servicing,2025-01-29,2025-12-05,complete,origination_sys_b
LN-29510531,BR-277914,jumbo,2020-12-17,2035-09-30,127901.71,88214.01,7.887,180,WY,purchase,B,21,<40k,delinquent_30,35,Meridian Loan Servicing,2023-03-09,2026-07-11,complete,origination_sys_b
LN-63736710,BR-072899,jumbo,2019-11-15,2034-08-28,217185.38,165339.81,6.075,180,NJ,purchase,D,20,40k-75k,current,0,Highline Capital Servicing,2020-05-08,2025-07-24,missing,origination_sys_a
LN-02910559,BR-280407,fha,2021-08-08,2041-04-25,351680.2,182766.95,4.973,240,NY,purchase,D,11,<40k,current,0,Coastal Trust Servicing,2025-06-26,2026-02-13,partial,origination_sys_a
LN-45916049,BR-307885,conventional,2019-08-02,2029-06-10,401162.77,155974.45,7.876,120,HI,refinance,A,9,40k-75k,delinquent_60,71,Highline Capital Servicing,2021-07-05,2025-09-05,missing,manual_spreadsheet
LN-51266460,BR-155276,va,2020-06-29,2050-01-23,263839.46,42329.29,0.01,360,KY,refinance,D,17,<40k,current,0,Highline Capital Servicing,2026-06-25,2026-01-17,complete,origination_sys_a
LN-31265077,BR-409656,va,2020-06-06,2049-12-31,593040.45,402928.62,4.613,360,AK,cash_out_refinance,D,23,<40k,current,0,Coastal Trust Servicing,2022-10-20,2025-08-09,partial,manual_spreadsheet
LN-42839490,BR-647219,jumbo,2019-12-21,2039-09-07,482442.07,113465.02,6.843,240,MO,purchase,C,15,75k-120k,current,0,Coastal Trust Servicing,2022-10-18,2026-02-26,complete,origination_sys_a
LN-66415894,BR-292014,va,2023-09-07,2033-07-16,363164.92,176888.77,5.531,120,MO,purchase,A,19,120k+,current,0,Coastal Trust Servicing,2025-06-16,2025-11-28,partial,origination_sys_b
LN-74116919,BR-460609,va,2022-07-16,2021-06-11,260174.48,171178.56,4.021,180,ND,purchase,D,22,40k-75k,delinquent_60,53,Coastal Trust Servicing,2024-10-26,2026-03-15,missing,manual_spreadsheet
LN-63162671,BR-440244,conventional,2021-12-12,2020-11-07,643742.61,274410.81,6.298,180,MD,purchase,D,20,<40k,delinquent_30,43,Coastal Trust Servicing,2023-08-29,2026-06-20,missing,origination_sys_a
LN-08423854,BR-275805,jumbo,2021-04-20,2036-02-01,354192.81,147747.24,5.461,180,TX,cash_out_refinance,C,9,75k-120k,current,0,Highline Capital Servicing,2026-07-18,2026-06-09,missing,origination_sys_a
LN-74276806,BR-173659,jumbo,2019-03-21,2029-01-27,134769.06,26640.79,6.933,120,IL,purchase,D,24,40k-75k,delinquent_60,57,Meridian Loan Servicing,2020-06-09,2026-05-02,partial,origination_sys_b
LN-67014290,BR-100214,jumbo,2021-02-03,2050-08-30,404643.68,347957.37,8.041,360,KY,purchase,C,26,75k-120k,delinquent_30,30,Coastal Trust Servicing,2023-05-31,2026-05-14,partial,origination_sys_a
LN-86204135,BR-379954,va,2024-02-23,2053-09-18,464011.39,80107.27,6.498,360,OK,refinance,C,18,40k-75k,current,0,Meridian Loan Servicing,2024-11-15,2026-02-11,missing,origination_sys_a
LN-28092292,BR-919426,va,2022-10-10,2042-06-27,582514.15,472358.91,0.01,240,WY,cash_out_refinance,B,18,75k-120k,delinquent_30,38,Highline Capital Servicing,2026-07-31,2026-06-26,partial,manual_spreadsheet
LN-16779477,BR-827174,conventional,2021-05-27,2050-12-21,475140.17,155968.55,3.609,360,RI,cash_out_refinance,D,17,75k-120k,delinquent_60,54,Highline Capital Servicing,2022-05-17,2026-01-19,missing,manual_spreadsheet
LN-33690972,BR-506450,va,2019-12-05,2034-09-17,117635.96,48154.69,4.643,180,UT,refinance,D,11,<40k,current,0,Coastal Trust Servicing,2021-07-30,2026-01-03,complete,origination_sys_b
LN-82923629,BR-579867,fha,2020-02-23,2039-11-10,236882.76,80726.45,8.484,240,WA,purchase,B,16,40k-75k,current,0,Meridian Loan Servicing,2021-04-10,2025-12-30,complete,origination_sys_a
LN-79524900,BR-846976,fha,2021-03-16,2040-12-01,443310.76,385475.59,5.424,240,IN,purchase,D,12,40k-75k,current,0,Highline Capital Servicing,2025-03-16,2025-10-13,missing,origination_sys_a
LN-24467826,BR-543766,jumbo,2019-09-24,2049-04-19,270784.82,222047.83,7.679,360,IL,refinance,A,25,75k-120k,closed,0,Highline Capital Servicing,2022-11-02,2025-06-27,partial,origination_sys_a
LN-53161833,BR-734285,jumbo,2023-11-10,2038-08-23,639626.21,110458.08,8.289,180,MS,cash_out_refinance,C,23,40k-75k,current,0,Meridian Loan Servicing,2026-07-21,2025-08-18,complete,origination_sys_a
LN-83308783,BR-618871,jumbo,2024-06-21,2054-01-15,407255.23,118937.45,5.038,360,SC,cash_out_refinance,C,28,120k+,current,0,Meridian Loan Servicing,2024-06-26,2025-10-31,partial,origination_sys_a
LN-40732489,BR-274581,jumbo,2022-07-27,2037-05-09,617109.61,467022.95,4.935,180,MO,purchase,B,12,120k+,delinquent_60,72,Highline Capital Servicing,2023-08-29,2026-07-08,,origination_sys_a
LN-03673626,BR-875563,jumbo,2023-03-10,2042-11-25,173205.66,126245.22,4.379,240,KY,cash_out_refinance,B,17,75k-120k,delinquent_30,38,Meridian Loan Servicing,2026-05-29,2026-05-03,missing,origination_sys_a
LN-65043153,BR-610164,fha,2023-04-20,2052-11-13,334650.72,128804.28,8.486,360,NM,refinance,A,8,75k-120k,delinquent_60,72,Coastal Trust Servicing,2025-05-23,2026-05-07,partial,origination_sys_b
LN-70220093,BR-346446,jumbo,2024-05-02,2034-03-11,432967.14,114685.62,5.314,120,NJ,purchase,B,18,120k+,delinquent_30,40,Highline Capital Servicing,2025-03-06,2025-07-18,complete,origination_sys_a
LN-26287134,BR-040382,jumbo,2020-11-22,2030-10-01,326935.76,339726.19,4.599,120,AL,refinance,B,24,75k-120k,current,0,Meridian Loan Servicing,2020-11-22,2025-10-02,partial,manual_spreadsheet
LN-61848033,BR-048052,conventional,2021-12-17,2031-10-26,441918.79,107245.99,5.801,120,OR,cash_out_refinance,D,14,120k+,current,0,Coastal Trust Servicing,2023-02-05,2026-07-17,complete,manual_spreadsheet
LN-46881850,BR-645745,fha,2022-03-24,2041-12-09,315072.87,290674.4,4.78,240,IN,refinance,C,19,120k+,delinquent_90,78,Coastal Trust Servicing,2026-05-19,2026-03-09,partial,manual_spreadsheet
LN-07070343,BR-908179,jumbo,2022-11-07,2052-06-02,647852.61,369313.02,5.762,360,GA,cash_out_refinance,A,2,75k-120k,current,0,Highline Capital Servicing,2025-05-08,2025-09-28,missing,manual_spreadsheet
LN-96881207,BR-026676,va,2024-06-03,2034-04-12,237903.33,117679.76,8.032,120,NE,cash_out_refinance,B,15,<40k,delinquent_90,100,Meridian Loan Servicing,2024-10-01,2025-11-05,missing,manual_spreadsheet
LN-02404350,BR-380076,fha,2019-05-09,2039-01-24,140538.6,46650.82,5.973,240,ZZ,purchase,A,19,40k-75k,delinquent_30,36,Highline Capital Servicing,2025-05-07,2026-07-17,missing,origination_sys_a
LN-28468317,BR-682948,conventional,2019-02-13,2048-09-08,625612.3,567753.63,6.286,360,AK,refinance,C,17,40k-75k,current,0,Highline Capital Servicing,2019-04-01,2026-08-01,partial,manual_spreadsheet
LN-20213754,BR-456113,va,2022-08-19,2052-03-14,356180.64,131238.2,6.668,360,NJ,refinance,C,20,<40k,closed,0,Coastal Trust Servicing,2024-02-23,2025-08-30,,origination_sys_b
LN-88226119,BR-470336,jumbo,2023-11-05,2038-08-18,183255.34,117565.21,6.031,180,KS,cash_out_refinance,C,23,75k-120k,current,0,Highline Capital Servicing,2024-05-26,2025-08-09,missing,origination_sys_b
LN-46763925,BR-898292,va,2020-06-08,2035-03-22,132099.91,66816.21,3.57,180,WI,purchase,D,7,<40k,current,0,Highline Capital Servicing,2024-01-08,2025-11-21,complete,origination_sys_b
LN-37783454,BR-830783,va,2019-11-03,2034-08-16,-46466.4,123010.05,7.102,180,AZ,refinance,B,19,75k-120k,current,0,Meridian Loan Servicing,2025-03-05,2026-03-19,missing,manual_spreadsheet
LN-87047635,BR-420031,fha,31/02/2021,2049-06-18,186693.7,60774.32,5.59,360,WI,purchase,A,13,120k+,current,0,Highline Capital Servicing,2020-02-13,2025-09-05,complete,origination_sys_a
LN-78894978,BR-564709,jumbo,2021-01-27,2035-11-10,564565.14,231175.87,3.54,180,AK,cash_out_refinance,C,7,40k-75k,current,0,Coastal Trust Servicing,2026-04-25,2025-11-01,missing,manual_spreadsheet
LN-38478747,BR-221691,fha,2023-02-21,2032-12-30,534913.76,187868.95,4.266,120,OH,cash_out_refinance,B,25,75k-120k,current,0,Highline Capital Servicing,2024-07-30,2026-04-10,missing,origination_sys_b
LN-06907572,BR-530381,fha,2023-06-27,2038-04-09,415209.19,151910.3,6.582,180,CA,refinance,B,18,120k+,current,0,Meridian Loan Servicing,2025-03-14,2026-01-16,missing,origination_sys_a
LN-10339793,BR-056021,conventional,2021-09-19,2041-06-06,479626.22,131540.53,6.887,240,OK,cash_out_refinance,D,24,<40k,current,0,Coastal Trust Servicing,2022-02-06,2026-04-30,complete,origination_sys_a
LN-29553552,BR-728111,jumbo,2021-07-31,2031-06-09,240936.05,76408.22,7.794,120,VA,cash_out_refinance,D,15,120k+,delinquent_90,100,Meridian Loan Servicing,2026-06-04,2025-06-14,missing,origination_sys_a
LN-52279549,BR-372117,conventional,2023-05-08,2033-03-16,487608.87,431760.8,3.829,120,ND,cash_out_refinance,D,8,120k+,delinquent_90,94,Meridian Loan Servicing,2023-11-11,2025-09-28,missing,manual_spreadsheet
LN-32121417,BR-012185,conventional,2023-12-30,2038-10-12,139734.24,113804.35,7.864,180,OH,refinance,B,0,120k+,current,0,Meridian Loan Servicing,2024-01-23,2025-11-06,partial,origination_sys_a
LN-03009846,BR-132811,conventional,2021-02-19,2040-11-06,154264.3,87082.41,3.876,240,TX,refinance,A,5,<40k,delinquent_60,62,Coastal Trust Servicing,2024-10-17,2025-07-23,missing,origination_sys_a
LN-82494816,BR-207907,fha,2023-09-02,2043-05-20,82784.56,17737.28,6.949,240,MN,purchase,B,30,40k-75k,delinquent_30,36,Highline Capital Servicing,2023-10-27,2025-07-13,complete,origination_sys_b
LN-31283073,BR-260328,fha,2022-12-25,2037-10-07,320091.37,215536.79,4.967,180,AL,refinance,C,2,40k-75k,current,0,Highline Capital Servicing,2026-02-28,2025-10-18,missing,manual_spreadsheet
LN-99322135,BR-705113,va,2021-05-09,2050-12-03,272337.36,203973.57,3.719,360,VA,refinance,D,16,40k-75k,current,0,Coastal Trust Servicing,2022-01-12,2026-05-05,partial,origination_sys_b
LN-83779376,BR-057902,conventional,2021-01-12,2030-11-21,630100.34,179995.35,3.975,120,MN,purchase,A,12,<40k,current,0,Coastal Trust Servicing,2021-08-29,2025-12-07,partial,origination_sys_b
LN-84682031,BR-165997,jumbo,2019-03-08,2048-10-01,632350.36,536241.53,5.229,360,OH,cash_out_refinance,D,25,40k-75k,closed,0,Meridian Loan Servicing,2020-10-10,2025-12-17,complete,origination_sys_b
LN-23227777,BR-199930,va,2023-09-28,2053-04-23,125789.68,116305.78,5.317,360,MS,refinance,A,30,<40k,current,0,Meridian Loan Servicing,2024-07-21,2025-09-25,missing,manual_spreadsheet
LN-92865260,BR-705136,conventional,2024-01-13,2033-11-21,638635.8,216456.5,4.821,120,NV,cash_out_refinance,C,14,<40k,current,0,Meridian Loan Servicing,2026-05-18,2026-01-04,complete,origination_sys_b
LN-13960204,BR-959394,va,2019-01-13,2048-08-08,248492.94,132151.86,6.895,360,CT,refinance,B,14,<40k,delinquent_30,30,Highline Capital Servicing,2025-03-12,2025-12-03,partial,manual_spreadsheet
LN-61798584,BR-639108,jumbo,2019-12-04,2029-10-12,333998.47,31026.84,4.924,120,LA,cash_out_refinance,D,26,120k+,closed,0,Highline Capital Servicing,2022-11-01,2026-04-13,partial,manual_spreadsheet
LN-70883785,BR-538851,jumbo,2023-07-31,2043-04-17,297976.27,199268.71,4.099,240,GA,cash_out_refinance,C,20,75k-120k,current,0,Meridian Loan Servicing,2024-12-25,2025-06-30,complete,manual_spreadsheet
LN-54817187,BR-571887,conventional,2022-10-16,2037-07-29,263730.51,175768.84,7.751,180,MI,purchase,A,13,120k+,current,0,Meridian Loan Servicing,2022-11-15,2026-06-07,missing,manual_spreadsheet
LN-44756856,BR-738850,va,2022-01-13,2036-10-26,542757.61,410896.02,8.391,180,ME,refinance,C,29,75k-120k,delinquent_90,81,Meridian Loan Servicing,2024-06-24,2026-06-13,missing,origination_sys_a
LN-27938443,BR-965141,jumbo,2023-12-27,2043-09-13,220923.2,124510.5,4.592,240,KY,purchase,D,24,<40k,current,0,Meridian Loan Servicing,2025-11-18,2025-11-04,missing,manual_spreadsheet
LN-63045815,BR-536064,va,2019-06-11,2029-04-19,266084.93,161067.93,7.552,120,SD,purchase,A,15,<40k,current,0,Meridian Loan Servicing,2022-06-12,2025-07-03,complete,origination_sys_a
LN-20910367,BR-871119,jumbo,2021-05-26,2036-03-08,331618.85,109582.34,5.409,180,HI,purchase,D,6,75k-120k,current,0,Highline Capital Servicing,2024-06-02,2025-07-05,partial,origination_sys_a
LN-49167531,BR-447085,va,2023-02-10,2042-10-28,257860.43,183471.58,4.618,240,IL,purchase,A,9,75k-120k,closed,0,Highline Capital Servicing,2025-12-14,2025-11-04,missing,origination_sys_a
LN-98567629,BR-815102,jumbo,2021-04-08,2040-12-24,594124.92,559482.95,3.67,240,OH,refinance,B,24,120k+,current,0,Meridian Loan Servicing,2021-09-15,2026-07-11,partial,manual_spreadsheet
LN-27036085,BR-721024,fha,2020-02-04,2029-12-13,374279.26,295123.9,7.127,120,IL,cash_out_refinance,D,17,<40k,delinquent_90,112,Meridian Loan Servicing,2022-09-18,2026-06-13,missing,origination_sys_b
LN-53861650,BR-124462,va,2022-08-22,2037-06-04,586189.5,476478.07,3.863,180,ZZ,refinance,D,12,<40k,current,0,Meridian Loan Servicing,2025-07-03,2025-07-23,partial,origination_sys_b
LN-06204056,BR-466595,conventional,2022-05-09,2032-03-17,349083.84,208894.66,7.385,120,GA,purchase,D,20,<40k,current,0,Highline Capital Servicing,2024-09-26,2025-07-07,missing,origination_sys_b
LN-14684804,BR-887198,jumbo,2020-05-26,2040-02-11,219699.24,64175.52,5.991,240,AK,purchase,C,12,120k+,current,0,Meridian Loan Servicing,2021-05-07,2024-12-25,partial,manual_spreadsheet
LN-92424542,BR-465742,fha,2019-06-08,2034-03-21,399975.05,41585.68,7.489,180,NJ,refinance,A,22,120k+,current,0,Meridian Loan Servicing,2026-04-15,2025-06-20,missing,manual_spreadsheet
LN-72652284,BR-764837,va,2020-11-10,2030-09-19,482361.73,291108.58,5.268,120,MI,refinance,D,15,120k+,current,0,Coastal Trust Servicing,2024-12-02,2025-12-02,missing,origination_sys_a
LN-12551783,BR-223183,conventional,2022-11-10,2042-07-28,629787.02,327907.27,4.277,240,NM,cash_out_refinance,B,19,75k-120k,current,0,Coastal Trust Servicing,2025-12-21,2026-05-24,missing,origination_sys_a
LN-75085893,BR-401689,jumbo,2024-02-14,2053-09-09,512643.65,171842.38,5.094,360,DE,purchase,D,24,<40k,closed,0,Coastal Trust Servicing,2026-06-08,2025-09-15,missing,origination_sys_b
LN-01314323,BR-084434,jumbo,2024-02-23,2034-01-01,573976.77,131573.66,4.561,120,GA,cash_out_refinance,A,0,120k+,delinquent_30,33,Coastal Trust Servicing,2026-03-30,2026-05-14,complete,origination_sys_b
LN-78150043,BR-188861,conventional,2021-03-18,2031-01-25,-44019.79,382498.11,5.703,120,MT,purchase,B,9,75k-120k,current,0,Coastal Trust Servicing,2023-04-24,2026-04-17,partial,manual_spreadsheet
LN-93372731,BR-710185,va,2021-08-06,2031-06-15,370851.26,259837.32,6.54,120,PA,refinance,D,12,<40k,current,0,Coastal Trust Servicing,2025-07-18,2026-04-14,missing,manual_spreadsheet
LN-19952183,BR-988681,fha,2019-08-25,2049-03-20,511945.1,261143.65,7.896,360,RI,cash_out_refinance,C,9,40k-75k,current,0,Meridian Loan Servicing,2021-06-23,2025-06-11,complete,origination_sys_a
LN-14785123,BR-244516,va,2020-07-16,2040-04-02,268304.56,154651.47,4.046,240,AR,refinance,A,7,120k+,current,0,Highline Capital Servicing,2025-08-24,2026-01-30,partial,origination_sys_b
LN-83204375,BR-118320,fha,2021-09-23,2041-06-10,538589.21,211146.57,6.19,240,SC,cash_out_refinance,C,28,75k-120k,current,0,Meridian Loan Servicing,2024-11-12,2025-10-17,missing,manual_spreadsheet
LN-32545938,BR-544509,conventional,2019-10-11,2049-05-06,559059.38,318752.69,6.196,360,KS,refinance,A,23,75k-120k,current,0,Coastal Trust Servicing,2020-05-14,2025-12-16,missing,origination_sys_b
LN-27440346,BR-520306,conventional,2023-06-06,2043-02-21,228434.86,162871.36,8.158,240,MO,purchase,B,14,40k-75k,current,0,Coastal Trust Servicing,2023-08-08,2025-11-01,complete,origination_sys_b
LN-48401668,BR-613946,jumbo,2021-04-27,2031-03-06,465299.79,434677.19,6.958,120,MD,cash_out_refinance,D,26,40k-75k,current,0,Meridian Loan Servicing,2025-08-06,2026-02-01,partial,origination_sys_b
LN-09773710,BR-174385,va,2019-05-18,2048-12-11,183338.79,110841.49,3.636,360,KY,refinance,D,11,75k-120k,current,0,Coastal Trust Servicing,2024-10-30,2025-12-28,partial,origination_sys_a
LN-62163050,BR-015225,conventional,2023-05-12,2043-01-27,208248.8,145274.02,8.086,240,UT,cash_out_refinance,B,26,<40k,closed,0,Highline Capital Servicing,2024-09-27,2026-03-16,partial,origination_sys_b
LN-96817380,BR-299636,fha,2019-02-23,2038-11-10,440801.19,269118.46,5.811,240,ND,refinance,A,20,40k-75k,current,0,Highline Capital Servicing,2024-03-07,2025-06-20,missing,manual_spreadsheet
LN-90523334,BR-861587,va,2023-03-02,2037-12-13,538466.83,408012.39,3.765,180,NE,refinance,A,0,40k-75k,delinquent_60,71,Meridian Loan Servicing,2026-02-28,2025-11-07,partial,origination_sys_a
LN-29383408,BR-827294,fha,2022-07-27,2052-02-20,586014.43,223792.42,5.678,360,MD,cash_out_refinance,A,2,40k-75k,current,0,Coastal Trust Servicing,2025-06-05,2025-09-17,missing,origination_sys_a
LN-83781964,BR-706582,va,2024-01-03,2043-09-20,467399.19,115330.05,8.344,240,NJ,refinance,A,7,75k-120k,closed,0,Meridian Loan Servicing,2025-04-21,2025-10-13,missing,origination_sys_b
LN-60397431,BR-406409,va,2022-06-20,2032-04-28,366704.7,119197.02,7.356,120,NJ,purchase,D,4,75k-120k,current,0,Meridian Loan Servicing,2022-06-22,2025-08-10,complete,origination_sys_a
LN-75620519,BR-713995,fha,2020-10-08,2040-06-25,295793.24,223703.9,3.575,240,MI,cash_out_refinance,B,18,<40k,delinquent_30,42,Meridian Loan Servicing,2023-06-17,2026-08-01,partial,manual_spreadsheet
LN-67339988,BR-343395,fha,2023-02-06,2037-11-19,618988.17,195533.5,7.672,180,IA,cash_out_refinance,B,19,75k-120k,current,0,Meridian Loan Servicing,2023-07-02,2025-11-17,complete,manual_spreadsheet
LN-51890831,BR-856508,jumbo,2022-10-28,2042-07-15,125285.01,61568.56,7.568,240,SD,cash_out_refinance,C,12,<40k,current,0,Highline Capital Servicing,2024-06-17,2024-12-02,partial,origination_sys_b
LN-05645805,BR-860399,conventional,2019-11-19,2039-08-06,466981.39,293913.12,4.76,240,PA,purchase,D,9,40k-75k,current,0,Coastal Trust Servicing,2020-02-12,2026-01-16,missing,origination_sys_b
LN-16282621,BR-496700,conventional,2023-08-19,2043-05-06,604168.74,444857.69,7.286,240,WI,refinance,D,29,40k-75k,closed,0,Coastal Trust Servicing,2024-01-13,2025-06-22,missing,origination_sys_b
LN-62006213,BR-397516,fha,2022-06-20,2042-03-07,608852.6,116153.31,3.557,240,AL,purchase,D,2,40k-75k,current,0,Meridian Loan Servicing,2022-12-22,2025-12-30,partial,origination_sys_a
LN-72950256,BR-042838,va,2022-03-10,2032-01-17,113866.51,15765.76,8.427,120,NM,purchase,A,12,<40k,current,0,Highline Capital Servicing,2022-07-13,2025-12-11,partial,origination_sys_b
LN-11016526,BR-950100,va,2024-05-18,2039-03-01,360123.02,30330.69,7.337,180,LA,refinance,D,23,75k-120k,closed,0,Coastal Trust Servicing,2026-02-21,2025-10-09,partial,origination_sys_b
LN-47679799,BR-805668,fha,2023-03-29,2042-12-14,336420.66,313512.08,7.211,240,NM,cash_out_refinance,C,17,120k+,current,0,Highline Capital Servicing,2024-02-24,2026-04-18,complete,origination_sys_a
LN-65040037,BR-323874,va,2022-01-06,2031-11-15,244737.09,57880.89,7.45,120,CO,refinance,B,16,40k-75k,current,108,Highline Capital Servicing,2022-06-20,2025-10-14,complete,origination_sys_b
LN-14999685,BR-977298,conventional,2023-10-15,2038-07-28,547511.18,224776.78,6.176,180,VT,cash_out_refinance,D,28,<40k,current,0,Meridian Loan Servicing,2024-04-02,2026-02-15,partial,manual_spreadsheet
LN-10475050,BR-964442,va,2019-02-12,2038-10-30,253592.45,51281.3,4.143,240,MI,purchase,D,15,40k-75k,current,0,Coastal Trust Servicing,2024-03-06,2026-02-03,complete,origination_sys_a
LN-47328363,BR-536211,jumbo,2019-01-26,2048-08-21,515952.88,79665.33,5.721,360,MO,cash_out_refinance,D,22,120k+,current,0,Meridian Loan Servicing,2025-06-28,2025-05-26,partial,origination_sys_a
LN-70278360,BR-460676,jumbo,2021-03-05,2050-09-29,99383.76,33157.16,7.142,360,SD,cash_out_refinance,B,4,40k-75k,closed,0,Meridian Loan Servicing,2024-10-27,2026-02-01,partial,origination_sys_b
LN-96766285,BR-239986,conventional,2024-02-09,2053-09-04,166039.92,56441.57,5.672,360,OK,cash_out_refinance,A,10,120k+,current,0,Highline Capital Servicing,2024-04-03,2026-04-23,missing,origination_sys_a
LN-82240954,BR-679219,va,2019-02-24,2029-01-02,280274.71,246285.77,0.01,120,NV,refinance,D,4,<40k,current,0,Coastal Trust Servicing,2024-08-26,2025-10-19,missing,origination_sys_b
LN-32346918,BR-165553,fha,2020-05-09,2030-03-18,431823.47,305237.82,5.388,120,NH,refinance,B,7,<40k,current,0,Meridian Loan Servicing,2024-02-20,2025-08-11,missing,origination_sys_a
LN-48294317,BR-384791,fha,2019-09-25,2049-04-20,304208.99,184939.9,3.833,360,MS,purchase,D,3,40k-75k,current,0,Highline Capital Servicing,2021-05-05,2026-04-15,missing,manual_spreadsheet
LN-08467944,BR-551521,jumbo,2020-08-31,2040-05-18,228513.83,128850.65,3.732,240,OH,purchase,B,11,75k-120k,delinquent_30,43,Coastal Trust Servicing,2022-08-23,2026-04-17,missing,origination_sys_a
LN-30132148,BR-312176,conventional,31/02/2021,2043-11-15,286515.49,202309.45,6.771,240,ME,cash_out_refinance,D,27,40k-75k,closed,0,Coastal Trust Servicing,2025-12-15,2025-07-31,missing,manual_spreadsheet
LN-25800408,BR-969353,conventional,2023-12-22,2033-10-30,438732.62,107898.79,7.665,120,CT,cash_out_refinance,D,9,75k-120k,current,0,Highline Capital Servicing,2025-07-27,2026-02-22,partial,origination_sys_a
LN-71682063,BR-521542,fha,2024-02-12,2033-12-21,454500.46,420650.88,7.607,120,SD,refinance,D,30,40k-75k,delinquent_30,44,Coastal Trust Servicing,2024-02-26,2026-04-01,complete,origination_sys_a
LN-50887502,BR-094198,jumbo,2022-01-31,2051-08-27,262540.63,209597.56,6.648,360,WA,cash_out_refinance,B,1,40k-75k,current,0,Meridian Loan Servicing,2024-08-18,2025-12-04,complete,origination_sys_a
LN-49312390,BR-554861,fha,2023-10-25,2033-09-02,592791.11,349458.35,6.598,120,HI,cash_out_refinance,C,27,40k-75k,delinquent_30,32,Coastal Trust Servicing,2025-05-19,2026-03-30,partial,origination_sys_a
LN-88466306,BR-779385,jumbo,2020-11-11,2035-08-25,254620.3,205639.04,7.726,180,GA,cash_out_refinance,B,8,120k+,delinquent_60,62,Coastal Trust Servicing,2023-04-12,2026-06-30,missing,manual_spreadsheet
LN-30650767,BR-988924,va,2023-07-30,2033-06-07,585866.86,515915.56,6.636,120,HI,cash_out_refinance,A,5,120k+,current,0,Coastal Trust Servicing,2026-06-04,2026-02-05,missing,manual_spreadsheet
LN-99412737,BR-228511,jumbo,2023-02-05,2032-12-14,236657.96,53676.83,5.233,120,OH,purchase,D,21,40k-75k,delinquent_90,79,Meridian Loan Servicing,2023-05-30,2026-03-15,missing,manual_spreadsheet
LN-96946663,BR-997840,va,2022-09-17,2032-07-26,282630.9,75790.01,5.622,120,RI,cash_out_refinance,A,0,<40k,current,0,Highline Capital Servicing,2026-05-16,2025-09-16,missing,origination_sys_a
LN-24019163,BR-693246,va,2019-09-19,2034-07-02,296702.72,243446.52,7.544,180,NM,cash_out_refinance,D,28,40k-75k,delinquent_30,34,Highline Capital Servicing,2025-09-08,2026-05-16,partial,origination_sys_b
LN-46690707,BR-826370,conventional,2020-08-14,2050-03-10,300213.12,42105.23,7.6,360,WY,purchase,A,21,40k-75k,closed,0,Meridian Loan Servicing,2022-10-20,2025-11-18,complete,origination_sys_b
LN-77983933,BR-155983,jumbo,2023-05-19,2052-12-12,579110.56,325353.38,7.311,360,LA,cash_out_refinance,D,16,40k-75k,current,0,Coastal Trust Servicing,2025-08-16,2026-03-12,partial,manual_spreadsheet
LN-28245126,BR-520863,conventional,2021-08-26,2031-07-05,207773.53,188329.86,5.145,120,WV,refinance,B,24,40k-75k,current,0,Highline Capital Servicing,2021-11-16,2026-04-25,partial,manual_spreadsheet
LN-16836321,BR-511862,jumbo,2024-02-06,2043-10-24,449793.16,101276.53,7.736,240,NJ,cash_out_refinance,A,2,<40k,current,0,Meridian Loan Servicing,2026-02-05,2025-08-01,missing,origination_sys_b
LN-98564924,BR-749267,jumbo,2021-06-23,2051-01-17,247871.88,63149.1,6.986,360,ND,cash_out_refinance,B,22,120k+,current,72,Meridian Loan Servicing,2023-09-01,2026-04-16,missing,manual_spreadsheet
LN-51743794,BR-507810,jumbo,2019-07-05,2049-01-28,538948.9,336501.14,3.599,360,MA,cash_out_refinance,D,9,<40k,closed,0,Meridian Loan Servicing,2026-07-21,2025-06-29,missing,origination_sys_b
LN-38015242,BR-815639,conventional,2024-03-12,2043-11-28,434067.62,213956.5,4.355,240,KS,cash_out_refinance,C,10,40k-75k,closed,0,Meridian Loan Servicing,2024-09-08,2025-11-12,partial,manual_spreadsheet
LN-79847392,BR-182402,jumbo,2021-11-23,2031-10-02,629833.97,501375.54,4.782,120,AZ,purchase,A,1,120k+,current,0,Meridian Loan Servicing,2026-04-10,2025-07-23,missing,origination_sys_b
LN-69792730,BR-418648,va,2021-03-05,2035-12-17,553336.77,396894.61,4.254,180,MS,cash_out_refinance,A,8,40k-75k,current,0,Highline Capital Servicing,2025-12-18,2025-09-01,complete,origination_sys_b
LN-51081722,BR-482899,fha,2019-09-25,2034-07-08,461073.27,76289.06,3.727,180,MT,purchase,A,7,<40k,current,0,Meridian Loan Servicing,2022-09-19,2025-11-07,partial,manual_spreadsheet
LN-03599239,BR-455075,fha,2021-12-23,2036-10-05,349764.37,80866.99,6.563,180,WY,refinance,C,16,120k+,current,0,Coastal Trust Servicing,2025-02-12,2026-02-07,complete,origination_sys_a
LN-06716060,BR-283180,jumbo,2023-11-26,2043-08-13,488445.34,261278.49,6.897,240,MT,refinance,C,16,<40k,closed,0,Coastal Trust Servicing,2025-01-06,2026-02-24,partial,manual_spreadsheet
LN-22020201,BR-045818,jumbo,2024-03-26,2053-10-20,574484.52,303148.87,7.294,360,MI,cash_out_refinance,A,24,<40k,delinquent_30,41,Highline Capital Servicing,2026-03-31,2025-08-23,complete,origination_sys_a
LN-69727123,BR-125121,fha,2024-06-21,2039-04-04,392124.61,336251.11,7.37,180,AR,purchase,A,3,40k-75k,delinquent_30,33,Meridian Loan Servicing,2025-09-22,2025-12-28,missing,manual_spreadsheet
LN-09376919,BR-912754,jumbo,2019-12-17,2034-09-29,230911.61,173085.39,7.499,180,ME,purchase,D,14,75k-120k,current,0,Meridian Loan Servicing,2024-03-04,2026-03-18,complete,origination_sys_b
LN-04119481,BR-079111,va,2019-01-08,2033-10-21,80152.15,44468.76,7.558,180,TX,cash_out_refinance,D,22,120k+,current,0,Highline Capital Servicing,2021-03-18,2025-12-10,missing,manual_spreadsheet
LN-51998170,BR-591139,jumbo,2023-02-27,2037-12-10,473989.25,372030.27,4.223,180,UT,purchase,C,29,<40k,current,0,Coastal Trust Servicing,2023-09-11,2025-08-25,partial,origination_sys_b
LN-40662796,BR-329661,jumbo,2019-06-02,2034-03-15,257554.69,42296.73,4.892,180,MN,purchase,C,17,40k-75k,current,0,Meridian Loan Servicing,2025-04-10,2025-12-16,partial,manual_spreadsheet
LN-20625335,BR-939116,fha,2022-08-11,2042-04-28,529025.36,466741.33,3.57,240,NM,purchase,D,27,<40k,delinquent_90,76,Coastal Trust Servicing,2025-01-19,2025-11-22,missing,origination_sys_b
LN-70579335,BR-756188,conventional,2021-10-27,2041-07-14,304474.92,171138.15,7.231,240,MI,purchase,C,25,75k-120k,current,0,Coastal Trust Servicing,2022-05-26,2025-08-26,complete,manual_spreadsheet
LN-91648579,BR-897530,fha,2022-09-29,2032-08-07,588530.35,121760.86,5.621,120,LA,purchase,C,26,75k-120k,current,0,Meridian Loan Servicing,2023-08-14,2025-11-03,complete,origination_sys_b
LN-92068784,BR-387116,va,2020-10-17,2040-07-04,564697.18,184866.14,6.879,240,NE,cash_out_refinance,B,20,<40k,current,0,Coastal Trust Servicing,2024-11-20,2025-10-30,complete,manual_spreadsheet
LN-52504632,BR-568097,jumbo,2024-06-05,2034-04-14,506040.9,400589.64,6.121,120,WV,purchase,A,23,<40k,closed,0,Meridian Loan Servicing,2024-10-21,2025-10-20,partial,origination_sys_b
LN-53502586,BR-701108,va,2021-12-08,2031-10-17,291994.12,126987.94,8.088,120,ID,purchase,C,18,40k-75k,current,0,Meridian Loan Servicing,2025-12-07,2026-06-14,partial,origination_sys_b
LN-90830075,BR-504748,conventional,2019-04-26,2039-01-11,-15776.16,114318.01,4.836,240,KY,cash_out_refinance,B,11,<40k,current,0,Highline Capital Servicing,2023-11-02,2026-05-17,complete,manual_spreadsheet
LN-32313194,BR-840231,conventional,2020-12-20,2030-10-29,231525.88,194053.05,3.679,120,CT,cash_out_refinance,D,30,75k-120k,current,0,Meridian Loan Servicing,2023-10-29,2025-07-04,missing,origination_sys_b
LN-10175937,BR-195477,jumbo,2020-01-18,2039-10-05,278224.9,235583.21,6.871,240,FL,refinance,B,26,40k-75k,current,0,Highline Capital Servicing,2020-06-25,2025-07-09,complete,manual_spreadsheet
LN-70561884,BR-795686,jumbo,2019-01-31,2033-11-13,525819.58,127154.7,7.788,180,MD,cash_out_refinance,A,10,75k-120k,current,0,Coastal Trust Servicing,2020-10-06,2025-10-16,partial,origination_sys_b
LN-12945342,BR-003916,fha,2022-07-26,2037-05-08,249776.32,167060.43,6.994,180,NJ,purchase,C,6,<40k,current,0,Coastal Trust Servicing,2024-12-14,2026-04-27,partial,origination_sys_b
LN-61957606,BR-817941,fha,2021-10-16,2036-07-29,458036.37,257787.79,6.859,180,NV,refinance,A,26,120k+,current,0,Coastal Trust Servicing,2022-09-16,2026-02-17,complete,origination_sys_a
LN-84858941,BR-095020,fha,2021-07-02,2036-04-14,416089.37,53223.17,6.791,180,TX,refinance,D,28,120k+,delinquent_30,40,Meridian Loan Servicing,2025-09-30,2026-04-26,partial,origination_sys_a
LN-03494730,BR-663960,fha,2023-05-06,2052-11-29,210260.1,56001.88,3.715,360,ZZ,cash_out_refinance,B,11,<40k,current,0,Coastal Trust Servicing,2026-03-05,2025-11-25,complete,origination_sys_b
LN-20120001,BR-696035,conventional,2024-06-22,2044-03-09,587949.7,30298.21,7.21,240,MD,cash_out_refinance,B,13,120k+,closed,0,Coastal Trust Servicing,2025-03-18,2026-06-19,missing,origination_sys_a
LN-97430660,BR-146183,jumbo,2020-04-30,2035-02-11,557423.63,485168.69,5.272,180,TX,purchase,B,19,75k-120k,current,0,Meridian Loan Servicing,2026-05-14,2025-07-18,complete,manual_spreadsheet
LN-48843279,BR-826942,fha,2021-03-17,2031-01-24,597099.7,86696.56,5.982,120,XX,purchase,B,1,120k+,current,0,Coastal Trust Servicing,2021-06-16,2026-03-12,missing,origination_sys_a
LN-85820706,BR-044583,jumbo,2020-02-29,2049-09-24,387670.81,86136.63,5.493,360,OR,purchase,D,28,120k+,current,0,Highline Capital Servicing,2023-08-31,2026-07-16,partial,manual_spreadsheet
LN-09169681,BR-137791,jumbo,2019-04-09,2038-12-25,207329.48,92990.69,3.597,240,ID,cash_out_refinance,C,27,120k+,current,104,Highline Capital Servicing,2022-12-25,2026-06-03,missing,origination_sys_a
LN-86886421,BR-600224,conventional,2024-01-24,2033-12-02,483155.66,217618.57,7.424,120,MD,refinance,C,7,40k-75k,current,0,Coastal Trust Servicing,2025-12-16,2025-10-07,partial,origination_sys_a
LN-76471761,BR-502565,va,2021-02-12,2030-12-22,433673.87,100246.83,4.285,120,IL,refinance,D,23,<40k,current,0,Highline Capital Servicing,2021-07-04,2026-07-04,complete,origination_sys_a
LN-03885651,BR-378315,va,2023-03-28,2052-10-21,360405.39,117176.21,4.753,360,SD,purchase,C,23,75k-120k,delinquent_60,64,Coastal Trust Servicing,2025-02-14,2025-06-23,complete,manual_spreadsheet
LN-75925917,BR-791588,va,2020-04-21,2049-11-15,190373.97,37876.18,45.0,360,IL,purchase,D,0,120k+,current,0,Coastal Trust Servicing,2021-06-22,2026-04-05,missing,origination_sys_a
LN-57892980,BR-619737,fha,2023-06-19,2043-03-06,482114.98,172780.5,4.497,240,NY,cash_out_refinance,A,9,120k+,current,0,Coastal Trust Servicing,2025-03-09,2025-07-02,complete,origination_sys_b
LN-36684443,BR-071749,jumbo,2019-02-18,2048-09-13,537579.87,369728.6,7.065,360,TN,purchase,D,27,120k+,current,0,Meridian Loan Servicing,2021-07-26,2026-04-01,partial,origination_sys_a
LN-42647657,BR-716645,conventional,2020-07-05,2035-04-18,634095.61,348119.53,5.718,180,HI,cash_out_refinance,D,21,75k-120k,current,0,Coastal Trust Servicing,2026-01-24,2026-07-31,partial,origination_sys_a
LN-75380853,BR-679696,jumbo,2019-05-04,2048-11-27,118939.66,24995.84,7.645,360,NH,cash_out_refinance,B,20,120k+,current,0,Highline Capital Servicing,2024-09-14,2025-10-09,partial,origination_sys_b
LN-11287574,BR-387912,jumbo,2020-06-17,2030-04-26,156417.73,109021.25,5.893,120,MO,purchase,D,11,75k-120k,closed,0,Highline Capital Servicing,2023-05-11,2025-11-24,complete,origination_sys_a
LN-33266168,BR-202283,fha,2023-05-15,2043-01-30,412963.32,52301.69,6.552,240,WY,cash_out_refinance,A,2,120k+,delinquent_30,39,Highline Capital Servicing,2024-04-15,2026-01-16,partial,origination_sys_a
LN-08752972,BR-156475,va,2020-07-12,2035-04-25,371522.23,248367.37,4.852,180,ID,refinance,A,4,75k-120k,delinquent_30,43,Coastal Trust Servicing,2020-08-11,2026-01-17,partial,manual_spreadsheet
LN-54182643,BR-813517,conventional,2021-05-18,2050-12-12,480486.23,93023.68,5.207,360,NE,purchase,D,5,<40k,current,0,Coastal Trust Servicing,2024-02-13,2025-06-24,complete,origination_sys_b
LN-06206148,BR-743637,jumbo,2024-03-24,2053-10-18,561504.14,421484.73,5.898,360,MT,purchase,A,16,40k-75k,current,0,Meridian Loan Servicing,2025-02-06,2025-10-28,partial,manual_spreadsheet
LN-49434655,BR-414319,fha,2024-06-17,2039-03-31,151796.48,80462.77,6.488,180,AR,purchase,B,9,<40k,current,0,Meridian Loan Servicing,2025-09-12,2026-01-03,complete,origination_sys_b
